,index,Package,Vulnerability,OS,Package_Version,OS_base_name
0,0,tar,CVE-2018-20482,alpine:v3.6,1.31-r0,alpine
1,1,tar,CVE-2016-6321,alpine:v3.6,1.29-r1,alpine
12,12,tar,CVE-2019-9923,debian:8,#MAXV#,debian
14,14,tar,CVE-2007-4131,debian:8,1.18-2,debian
15,15,tar,CVE-2007-4476,debian:8,1.18-1,debian
16,16,tar,CVE-2010-0624,debian:8,1.23-1,debian
18,18,tar,CVE-2005-2541,debian:8,#MAXV#,debian
19,19,tar,CVE-2006-6097,debian:8,1.16-2,debian
20,20,tar,CVE-2005-1918,debian:8,1.14-2.2,debian
21,21,tar,CVE-2006-0300,debian:8,1.15.1-3,debian
22,22,tar,CVE-2002-1216,debian:8,1.13.25,debian
64,64,tar,ELSA-2010-0141,oracle:5,2:1.15.1-23.0.1.el5_4.2,oracle
65,65,tar,ELSA-2007-0860,oracle:5,2:1.15.1-23.0.1.el5,oracle
66,66,tar,RHSA-2007:0860,centos:5,2:1.15.1-23.0.1.el5,centos
67,67,tar,RHSA-2010:0141,centos:5,2:1.15.1-23.0.1.el5_4.2,centos
68,68,redmine,CVE-2012-2054,debian:unstable,1.3.2+dfsg1-1,debian
69,69,redmine,CVE-2016-10515,debian:unstable,3.2.3-1,debian
70,70,redmine,CVE-2017-15569,debian:unstable,3.4.4-1,debian
71,71,redmine,CVE-2014-1985,debian:unstable,2.5.1-1,debian
72,72,redmine,CVE-2017-15574,debian:unstable,3.4.2-1,debian
73,73,redmine,CVE-2009-4459,debian:unstable,0.9.1-1,debian
74,74,redmine,CVE-2015-8537,debian:unstable,3.2.0-1,debian
75,75,redmine,CVE-2017-15575,debian:unstable,3.4.2-1,debian
76,76,redmine,CVE-2015-8346,debian:unstable,3.2.0-1,debian
77,77,redmine,CVE-2017-16804,debian:unstable,3.4.2-1,debian
78,78,redmine,CVE-2011-4927,debian:unstable,1.0.5-1,debian
79,79,redmine,CVE-2011-4929,debian:unstable,1.0.5-1,debian
80,80,redmine,CVE-2011-4928,debian:unstable,1.0.5-1,debian
81,81,redmine,CVE-2017-15573,debian:unstable,3.4.2-1,debian
82,82,redmine,CVE-2009-4079,debian:unstable,0.9.0~svn2902-1,debian
83,83,redmine,CVE-2017-18026,debian:unstable,3.4.4-1,debian
84,84,redmine,CVE-2015-8474,debian:unstable,3.2.0-1,debian
85,85,redmine,CVE-2017-15577,debian:unstable,3.4.2-1,debian
86,86,redmine,CVE-2017-15571,debian:unstable,3.4.4-1,debian
87,87,redmine,CVE-2017-15568,debian:unstable,3.4.4-1,debian
88,88,redmine,CVE-2017-15576,debian:unstable,3.4.2-1,debian
89,89,redmine,CVE-2009-4078,debian:unstable,0.9.0~svn2902-1,debian
90,90,redmine,CVE-2015-8477,debian:unstable,3.0~20140825-5,debian
91,91,redmine,CVE-2017-15570,debian:unstable,3.4.4-1,debian
92,92,redmine,CVE-2012-0327,debian:unstable,1.3.2+dfsg1-1,debian
93,93,redmine,CVE-2017-15572,debian:unstable,3.4.2-1,debian
94,94,redmine,CVE-2015-8473,debian:unstable,3.2.0-1,debian
95,95,redmine,CVE-2019-17427,debian:unstable,4.0.4-1,debian
156,156,python,CVE-2017-1000158,alpine:v3.4,2.7.14-r0,alpine
157,157,python,CVE-2014-4616,alpine:v3.4,2.7.7-r0,alpine
158,158,python,ELSA-2016-1626,oracle:7,0:2.7.5-38.0.1.el7_2,oracle
159,159,python,ELSA-2016-2586,oracle:7,0:2.7.5-48.0.1.el7,oracle
160,160,python,ELSA-2019-2030,oracle:7,0:2.7.5-86.0.1.el7,oracle
161,161,python,ELSA-2015-2101,oracle:7,0:2.7.5-34.0.1.el7,oracle
162,162,python,ELSA-2018-3041,oracle:7,0:2.7.5-76.0.1.el7,oracle
163,163,python,ELSA-2019-1587,oracle:7,0:2.7.5-80.0.1.el7_6,oracle
164,164,python,ELSA-2019-0710,oracle:7,0:2.7.5-77.0.1.el7_6,oracle
165,165,python,ELSA-2017-1868,oracle:7,0:2.7.5-58.0.1.el7,oracle
166,166,python,ELSA-2018-2123,oracle:7,0:2.7.5-69.0.1.el7_5,oracle
167,167,python,ELSA-2019-1467,oracle:6,0:2.6.6-68.0.1.el6_10,oracle
169,169,python,ELSA-2013-1582,oracle:6,0:2.6.6-51.el6,oracle
170,170,python,ELSA-2012-0744,oracle:6,0:2.6.6-29.el6_2.2,oracle
171,171,python,ELSA-2015-1330,oracle:6,0:2.6.6-64.0.1.el6,oracle
172,172,python,ELSA-2011-0554,oracle:6,0:2.6.6-20.el6,oracle
173,173,python,ELSA-2011-0492,oracle:5,0:2.4.3-44.el5,oracle
174,174,python,ELSA-2009-1176,oracle:5,0:2.4.3-24.el5_3.6,oracle
175,175,python,ELSA-2012-0745,oracle:5,0:2.4.3-46.el5_8.2,oracle
176,176,python,ELSA-2011-0027,oracle:5,0:2.4.3-43.el5,oracle
177,177,python,RHSA-2011:0027,centos:5,0:2.4.3-43.el5,centos
178,178,python,RHSA-2009:1176,centos:5,0:2.4.3-24.el5_3.6,centos
179,179,python,RHSA-2012:0745,centos:5,0:2.4.3-46.el5_8.2,centos
180,180,python,RHSA-2011:0492,centos:5,0:2.4.3-44.el5,centos
181,181,python,RHSA-2015:1330,centos:6,0:2.6.6-64.el6,centos
182,182,python,RHSA-2016:1626,centos:6,0:2.6.6-66.el6_8,centos
183,183,python,RHSA-2019:1467,centos:6,0:2.6.6-68.el6_10,centos
184,184,python,RHSA-2011:0554,centos:6,0:2.6.6-20.el6,centos
185,185,python,RHSA-2012:0744,centos:6,0:2.6.6-29.el6_2.2,centos
186,186,python,RHSA-2013:1582,centos:6,0:2.6.6-51.el6,centos
187,187,python,RHSA-2019:2030,centos:7,0:2.7.5-86.el7,centos
188,188,python,RHSA-2015:2101,centos:7,0:2.7.5-34.el7,centos
190,190,python,RHSA-2018:2123,centos:7,0:2.7.5-69.el7_5,centos
191,191,python,RHSA-2019:0710,centos:7,0:2.7.5-77.el7_6,centos
192,192,python,RHSA-2017:1868,centos:7,0:2.7.5-58.el7,centos
193,193,python,RHSA-2019:1587,centos:7,0:2.7.5-80.el7_6,centos
194,194,python,RHSA-2018:3041,centos:7,0:2.7.5-76.el7,centos
195,195,python,RHSA-2016:2586,centos:7,0:2.7.5-48.el7,centos
196,196,yum-utils,CVE-2018-10897,debian:unstable,1.1.31-2.2,debian
200,200,yum-utils,ELSA-2018-2285,oracle:7,0:1.1.31-46.0.1.el7_5,oracle
201,201,yum-utils,ELSA-2018-2284,oracle:6,0:1.1.30-42.0.1.el6_10,oracle
202,202,yum-utils,RHSA-2018:2284,centos:6,0:1.1.30-42.el6_10,centos
203,203,yum-utils,RHSA-2018:2285,centos:7,0:1.1.31-46.el7_5,centos
204,204,vim,CVE-2017-6350,alpine:v3.9,8.0.1521-r0,alpine
205,205,vim,CVE-2017-5953,alpine:v3.9,8.0.0329-r0,alpine
206,206,vim,CVE-2017-6349,alpine:v3.9,8.0.1521-r0,alpine
207,207,vim,CVE-2019-12735,alpine:v3.9,8.1.1365,alpine
208,208,vim,CVE-2016-1248,alpine:v3.9,8.0.0056-r0,alpine
230,230,vim,CVE-2017-17087,debian:8,2:7.4.488-7+deb8u4,debian
231,231,vim,CVE-2008-3076,debian:8,2:7.2.010-1,debian
233,233,vim,CVE-2008-2712,debian:8,1:7.1.314-3,debian
234,234,vim,CVE-2008-3074,debian:8,2:7.2.010-1,debian
235,235,vim,CVE-2002-1377,debian:8,6.1.263-1,debian
238,238,vim,CVE-2008-4101,debian:8,2:7.2.010-1,debian
239,239,vim,CVE-2008-3075,debian:8,2:7.2.010-1,debian
241,241,vim,CVE-2007-2438,debian:8,1:7.1-022+1,debian
242,242,vim,CVE-2007-2953,debian:8,1:7.1-056+1,debian
243,243,vim,CVE-2017-1000382,debian:8,#MAXV#,debian
244,244,vim,CVE-2008-4677,debian:8,#MAXV#,debian
245,245,vim,CVE-2008-6235,debian:8,2:7.2.148-1,debian
247,247,vim,CVE-2009-0316,debian:8,2:7.2.025-2,debian
248,248,vim,CVE-2017-11109,debian:8,2:7.4.488-7+deb8u4,debian
249,249,vim,CVE-2005-2368,debian:8,1:6.3-085+1,debian
250,250,vim,CVE-2004-1138,debian:8,1:6.3-046+0sarge1,debian
251,251,vim,CVE-2005-0069,debian:8,1:6.3-058+1,debian
274,274,vim,CVE-2018-20786,debian:10,2:8.1.0693-1,debian
343,343,perl,CVE-2017-12837,alpine:v3.9,5.26.1-r0,alpine
344,344,perl,CVE-2017-12883,alpine:v3.9,5.26.1-r0,alpine
345,345,perl,CVE-2018-18314,alpine:v3.9,5.26.3-r0,alpine
346,346,perl,CVE-2018-6913,alpine:v3.9,5.26.2-r0,alpine
347,347,perl,CVE-2018-18311,alpine:v3.9,5.26.3-r0,alpine
348,348,perl,CVE-2018-6798,alpine:v3.9,5.26.2-r0,alpine
349,349,perl,CVE-2018-18313,alpine:v3.9,5.26.3-r0,alpine
350,350,perl,CVE-2018-12015,alpine:v3.9,5.26.2-r1,alpine
351,351,perl,CVE-2018-6797,alpine:v3.9,5.26.2-r0,alpine
352,352,perl,CVE-2018-18312,alpine:v3.9,5.26.3-r0,alpine
353,353,perl,CVE-2016-9840,alpine:v3.5,5.24.3-r1,alpine
354,354,perl,CVE-2016-9841,alpine:v3.5,5.24.3-r1,alpine
357,357,perl,CVE-2016-9843,alpine:v3.5,5.24.3-r1,alpine
358,358,perl,CVE-2016-9842,alpine:v3.5,5.24.3-r1,alpine
409,409,perl,CVE-2016-1238,alpine:v3.3,5.22.3-r0,alpine
413,413,perl,CVE-2005-3962,debian:10,5.8.7-9,debian
414,414,perl,CVE-2010-1447,debian:10,5.12.3-1,debian
417,417,perl,CVE-2010-4411,debian:10,5.10.1-17,debian
418,418,perl,CVE-2008-2827,debian:10,5.10.0-11,debian
420,420,perl,CVE-2011-4116,debian:10,#MAXV#,debian
422,422,perl,CVE-2013-1667,debian:10,5.14.2-19,debian
423,423,perl,CVE-2004-0976,debian:10,5.8.4-4,debian
424,424,perl,CVE-2014-4330,debian:10,5.20.1-1,debian
425,425,perl,CVE-2003-0615,debian:10,5.8.0-19,debian
426,426,perl,CVE-2012-5195,debian:10,5.14.2-14,debian
427,427,perl,CVE-2011-2728,debian:10,5.14.2-1,debian
428,428,perl,CVE-2007-4829,debian:10,5.10.0-19,debian
429,429,perl,CVE-2008-1927,debian:10,5.10.0-1,debian
431,431,perl,CVE-2005-0448,debian:10,5.8.4-7,debian
434,434,perl,CVE-2002-1323,debian:10,5.8.0-14,debian
435,435,perl,CVE-2012-5526,debian:10,5.14.2-16,debian
436,436,perl,CVE-2010-1168,debian:10,5.10.1-13,debian
437,437,perl,CVE-2002-0703,debian:10,5.8.0-7,debian
438,438,perl,CVE-2004-0452,debian:10,5.8.4-5,debian
439,439,perl,CVE-2010-2761,debian:10,5.10.1-17,debian
440,440,perl,CVE-2015-8853,debian:10,5.22.1-1,debian
441,441,perl,CVE-2005-0156,debian:10,5.8.4-6,debian
442,442,perl,CVE-2015-8607,debian:10,5.22.1-4,debian
443,443,perl,CVE-2009-3626,debian:10,5.10.1-6,debian
444,444,perl,CVE-2010-4410,debian:10,5.10.1-17,debian
446,446,perl,CVE-2011-1487,debian:10,5.10.1-20,debian
447,447,perl,CVE-2013-1437,debian:10,5.18.1-2,debian
448,448,perl,CVE-2016-2381,debian:10,5.22.1-8,debian
449,449,perl,CVE-2007-5116,debian:10,5.8.8-12,debian
450,450,perl,CVE-2008-5302,debian:10,5.10.0-18,debian
451,451,perl,CVE-2010-4777,debian:10,5.20.1-1,debian
452,452,perl,CVE-2003-0618,debian:10,5.8.3-3,debian
453,453,perl,CVE-2013-7422,debian:10,5.20.0-1,debian
454,454,perl,CVE-2005-0155,debian:10,5.8.4-6,debian
455,455,perl,CVE-2009-1391,debian:10,5.10.0-23,debian
457,457,perl,CVE-2003-0900,debian:10,5.8.2,debian
458,458,perl,CVE-2017-6512,debian:10,5.24.1-3,debian
459,459,perl,CVE-2012-6329,debian:10,5.14.2-16,debian
460,460,perl,CVE-2011-3597,debian:10,5.12.4-6,debian
461,461,perl,CVE-2011-2939,debian:10,5.12.4-4,debian
462,462,perl,CVE-2016-6185,debian:10,5.22.2-2,debian
463,463,perl,CVE-2008-5303,debian:10,5.10.0-18,debian
466,466,perl,CVE-2011-0761,debian:10,5.12.0-1,debian
686,686,perl,ELSA-2007-0966,oracle:5,4:5.8.8-10.0.1.el5_0.2,oracle
687,687,perl,ELSA-2011-1797,oracle:5,4:5.8.8-32.0.1.el5_7.6,oracle
688,688,perl,ELSA-2008-0522,oracle:5,4:5.8.8-10.0.1.el5_2.3,oracle
689,689,perl,ELSA-2010-0458,oracle:5,4:5.8.8-32.el5_5.1,oracle
690,690,perl,ELSA-2013-0685,oracle:5,4:5.8.8-40.el5_9,oracle
691,691,perl,ELSA-2011-1424,oracle:6,4:5.10.1-119.el6_1.1,oracle
692,692,perl,ELSA-2011-0558,oracle:6,4:5.10.1-119.el6,oracle
694,694,perl,ELSA-2019-0109,oracle:7,4:5.16.3-294.el7_6,oracle
695,695,perl,RHSA-2013:0685,centos:5,4:5.8.8-40.el5_9,centos
696,696,perl,RHSA-2011:1797,centos:5,4:5.8.8-32.el5_7.6,centos
697,697,perl,RHSA-2008:0522,centos:5,4:5.8.8-10.el5_2.3,centos
698,698,perl,RHSA-2007:0966,centos:5,4:5.8.8-10.el5_0.2,centos
699,699,perl,RHSA-2010:0458,centos:5,4:5.8.8-32.el5_5.1,centos
700,700,perl,RHSA-2011:0558,centos:6,4:5.10.1-119.el6,centos
701,701,perl,RHSA-2011:1424,centos:6,4:5.10.1-119.el6_1.1,centos
703,703,perl,RHSA-2019:0109,centos:7,4:5.16.3-294.el7_6,centos
704,704,coreutils,CVE-2017-18018,alpine:v3.10,8.30-r0,alpine
708,708,coreutils,CVE-2003-0853,debian:unstable,5.2.1-1,debian
709,709,coreutils,CVE-2014-9471,debian:unstable,8.23-1,debian
710,710,coreutils,CVE-2003-0854,debian:unstable,5.2.1-1,debian
711,711,coreutils,CVE-2016-2781,debian:unstable,#MAXV#,debian
712,712,coreutils,CVE-2017-2616,debian:unstable,8.20-1,debian
713,713,coreutils,CVE-2008-1946,debian:unstable,5.93-1,debian
714,714,coreutils,CVE-2007-4998,debian:unstable,4.1.2,debian
715,715,coreutils,CVE-2005-1039,debian:unstable,6.10-1,debian
717,717,coreutils,CVE-2015-1865,debian:unstable,8.13-1,debian
754,754,coreutils,ELSA-2013-1652,oracle:6,0:8.4-31.0.1.el6,oracle
755,755,coreutils,ELSA-2017-0654,oracle:6,0:8.4-46.0.1.el6,oracle
756,756,coreutils,RHSA-2013:1652,centos:6,0:8.4-31.el6,centos
757,757,coreutils,RHSA-2017:0654,centos:6,0:8.4-46.el6,centos
758,758,nodejs,CVE-2018-1000168,alpine:v3.10,8.11.3-r0,alpine
759,759,nodejs,CVE-2018-12115,alpine:v3.10,8.11.4-r0,alpine
760,760,nodejs,CVE-2017-15896,alpine:v3.10,8.9.3-r0,alpine
761,761,nodejs,CVE-2018-7160,alpine:v3.10,8.11.0-r0,alpine
762,762,nodejs,CVE-2019-5737,alpine:v3.10,10.15.3-r0,alpine
763,763,nodejs,CVE-2018-7161,alpine:v3.10,8.11.3-r0,alpine
764,764,nodejs,CVE-2018-0735,alpine:v3.10,10.14.0-r0,alpine
765,765,nodejs,CVE-2018-12122,alpine:v3.10,10.14.0-r0,alpine
766,766,nodejs,CVE-2018-7158,alpine:v3.10,8.11.0-r0,alpine
767,767,nodejs,CVE-2018-7167,alpine:v3.10,8.11.3-r0,alpine
768,768,nodejs,CVE-2017-15897,alpine:v3.10,8.9.3-r0,alpine
769,769,nodejs,CVE-2018-12123,alpine:v3.10,10.14.0-r0,alpine
770,770,nodejs,CVE-2017-1000381,alpine:v3.10,6.11.1-r0,alpine
771,771,nodejs,CVE-2018-0734,alpine:v3.10,10.14.0-r0,alpine
772,772,nodejs,CVE-2018-12121,alpine:v3.10,10.14.0-r0,alpine
773,773,nodejs,CVE-2017-14919,alpine:v3.10,6.11.5-r0,alpine
774,774,nodejs,CVE-2018-7159,alpine:v3.10,8.11.0-r0,alpine
803,803,nodejs,CVE-2018-12116,alpine:v3.8,8.14.0-r0,alpine
810,810,nodejs,CVE-2016-5129,alpine:v3.6,6.10.0-r0,alpine
812,812,nodejs,CVE-2016-5180,alpine:v3.6,6.8.0-r0,alpine
817,817,nodejs,CVE-2019-9514,debian:unstable,#MAXV#,debian
819,819,nodejs,CVE-2019-9511,debian:unstable,#MAXV#,debian
820,820,nodejs,CVE-2014-5256,debian:unstable,0.10.38~dfsg-1,debian
822,822,nodejs,CVE-2016-2216,debian:unstable,4.3.0~dfsg-1,debian
823,823,nodejs,CVE-2015-7384,debian:unstable,4.1.1~dfsg-3,debian
825,825,nodejs,CVE-2016-2086,debian:unstable,4.3.0~dfsg-1,debian
827,827,nodejs,CVE-2012-2330,debian:unstable,0.6.17~dfsg1-1,debian
828,828,nodejs,CVE-2013-4450,debian:unstable,0.10.21~dfsg1-1,debian
829,829,nodejs,CVE-2016-1669,debian:unstable,4.4.6~dfsg-1,debian
831,831,nodejs,CVE-2015-6764,debian:unstable,4.2.3~dfsg-1,debian
832,832,nodejs,CVE-2019-5739,debian:unstable,8.9.3~dfsg-5,debian
834,834,nodejs,CVE-2018-7164,debian:unstable,10.15.0~dfsg-6,debian
835,835,nodejs,CVE-2016-7099,debian:unstable,4.6.0~dfsg-1,debian
836,836,nodejs,CVE-2014-9748,debian:unstable,4.0.0~dfsg-1,debian
837,837,nodejs,CVE-2018-7162,debian:unstable,10.15.0~dfsg-6,debian
838,838,nodejs,CVE-2015-8027,debian:unstable,4.2.3~dfsg-1,debian
840,840,nodejs,CVE-2019-9513,debian:unstable,#MAXV#,debian
843,843,nodejs,CVE-2016-5325,debian:unstable,4.6.0~dfsg-1,debian
844,844,nodejs,CVE-2017-11499,debian:unstable,4.8.4~dfsg-1,debian
845,845,nodejs,CVE-2018-12120,debian:unstable,8.9.3~dfsg-5,debian
959,959,nodejs,RHSA-2019:2925,centos:8,1:10.16.3-2.module+el8.0.0+4214+49953fda,centos
960,960,zip,CVE-2018-13410,debian:unstable,#MAXV#,debian
961,961,zip,CVE-2004-1010,debian:unstable,2.30-8,debian
968,968,libcap,ELSA-2011-1694,oracle:6,0:2.16-5.5.el6,oracle
969,969,libcap,RHSA-2011:1694,centos:6,0:2.16-5.5.el6,centos
970,970,tcl,ELSA-2013-0122,oracle:5,0:8.4.13-6.el5,oracle
971,971,tcl,RHSA-2013:0122,centos:5,0:8.4.13-6.el5,centos
972,972,subversion,CVE-2017-9800,alpine:v3.7,1.9.7-r0,alpine
973,973,subversion,CVE-2019-0203,alpine:v3.7,1.9.12-r0,alpine
974,974,subversion,CVE-2018-11782,alpine:v3.7,1.9.12-r0,alpine
975,975,subversion,CVE-2018-11803,alpine:v3.9,1.11.1-r0,alpine
991,991,subversion,CVE-2013-1849,debian:unstable,1.7.9-1,debian
992,992,subversion,CVE-2010-4539,debian:unstable,1.6.12dfsg-4,debian
993,993,subversion,CVE-2004-0413,debian:unstable,1.0.5-1,debian
994,994,subversion,CVE-2015-5343,debian:unstable,1.9.3-1,debian
995,995,subversion,CVE-2010-4644,debian:unstable,1.6.12dfsg-3,debian
996,996,subversion,CVE-2006-1564,debian:unstable,1.3.0-5,debian
998,998,subversion,CVE-2013-1845,debian:unstable,1.7.9-1,debian
999,999,subversion,CVE-2013-4277,debian:unstable,1.7.13-1,debian
1000,1000,subversion,CVE-2013-2112,debian:unstable,1.7.9-1+nmu2,debian
1001,1001,subversion,CVE-2015-3184,debian:unstable,1.9.0-1,debian
1002,1002,subversion,CVE-2015-3187,debian:unstable,1.9.0-1,debian
1003,1003,subversion,CVE-2015-5259,debian:unstable,1.9.3-1,debian
1004,1004,subversion,CVE-2016-2168,debian:unstable,1.9.4-1,debian
1006,1006,subversion,CVE-2013-4262,debian:unstable,1.8.5-1,debian
1007,1007,subversion,CVE-2014-8108,debian:unstable,1.8.10-5,debian
1008,1008,subversion,CVE-2014-3528,debian:unstable,1.8.10-1,debian
1009,1009,subversion,CVE-2013-2088,debian:unstable,1.7.5-1,debian
1010,1010,subversion,CVE-2014-3522,debian:unstable,1.8.10-1,debian
1011,1011,subversion,CVE-2010-3315,debian:unstable,1.6.12dfsg-2,debian
1012,1012,subversion,CVE-2011-0715,debian:unstable,1.6.16dfsg-1,debian
1013,1013,subversion,CVE-2014-3580,debian:unstable,1.8.10-5,debian
1014,1014,subversion,CVE-2015-0248,debian:unstable,1.8.10-6,debian
1015,1015,subversion,CVE-2011-1921,debian:unstable,1.6.17dfsg-1,debian
1016,1016,subversion,CVE-2004-0749,debian:unstable,1.0.9-2,debian
1017,1017,subversion,CVE-2009-2411,debian:unstable,1.6.4dfsg-1,debian
1019,1019,subversion,CVE-2015-0202,debian:unstable,1.8.10-6,debian
1020,1020,subversion,CVE-2004-1438,debian:unstable,1.0.6-1,debian
1021,1021,subversion,CVE-2013-1884,debian:unstable,1.7.9-1,debian
1022,1022,subversion,CVE-2011-1752,debian:unstable,1.6.17dfsg-1,debian
1023,1023,subversion,CVE-2016-2167,debian:unstable,1.9.4-1,debian
1024,1024,subversion,CVE-2015-0251,debian:unstable,1.8.10-6,debian
1025,1025,subversion,CVE-2011-1783,debian:unstable,1.6.17dfsg-1,debian
1026,1026,subversion,CVE-2004-0397,debian:unstable,1.0.3-1,debian
1027,1027,subversion,CVE-2013-1846,debian:unstable,1.7.9-1,debian
1028,1028,subversion,CVE-2013-4558,debian:unstable,1.7.14-1,debian
1029,1029,subversion,CVE-2016-8734,debian:unstable,1.9.5-1,debian
1031,1031,subversion,CVE-2013-4131,debian:unstable,1.7.13-1,debian
1032,1032,subversion,CVE-2013-7393,debian:unstable,1.8.5-1,debian
1033,1033,subversion,CVE-2014-0032,debian:unstable,1.8.8-1,debian
1034,1034,subversion,CVE-2013-1968,debian:unstable,1.7.9-1+nmu2,debian
1035,1035,subversion,CVE-2013-1847,debian:unstable,1.7.9-1,debian
1036,1036,subversion,CVE-2007-2448,debian:unstable,1.4.4dfsg1-1,debian
1037,1037,subversion,CVE-2013-4505,debian:unstable,1.7.14-1,debian
1262,1262,subversion,ELSA-2015-1633,oracle:6,0:1.6.11-15.el6_7,oracle
1263,1263,subversion,ELSA-2014-0255,oracle:6,0:1.6.11-10.el6_5,oracle
1264,1264,subversion,ELSA-2013-0737,oracle:6,0:1.6.11-9.el6_4,oracle
1265,1265,subversion,ELSA-2011-0862,oracle:6,0:1.6.11-2.el6_1.4,oracle
1266,1266,subversion,ELSA-2011-0328,oracle:6,0:1.6.11-2.el6_0.3,oracle
1267,1267,subversion,ELSA-2011-0258,oracle:6,0:1.6.11-2.el6_0.2,oracle
1268,1268,subversion,ELSA-2015-0165,oracle:6,0:1.6.11-12.el6_6,oracle
1270,1270,subversion,ELSA-2011-0257,oracle:5,0:1.6.11-7.el5_6.1,oracle
1272,1272,subversion,ELSA-2009-1203,oracle:5,0:1.4.2-4.0.1.el5_3.1,oracle
1273,1273,subversion,ELSA-2011-0327,oracle:5,0:1.6.11-7.el5_6.3,oracle
1275,1275,subversion,ELSA-2017-2480,oracle:7,0:1.7.14-11.el7_4,oracle
1276,1276,subversion,ELSA-2015-1742,oracle:7,0:1.7.14-7.el7_1.1,oracle
1277,1277,subversion,ELSA-2015-0166,oracle:7,0:1.7.14-7.el7_0,oracle
1278,1278,subversion,ELSA-2019-2512,oracle:8,0:1.10.2-2.module+el8.0.0+5251+b51029f7,oracle
1279,1279,subversion,RHSA-2011:0328,centos:6,0:1.6.11-2.el6_0.3,centos
1280,1280,subversion,RHSA-2015:0165,centos:6,0:1.6.11-12.el6_6,centos
1281,1281,subversion,RHSA-2013:0737,centos:6,0:1.6.11-9.el6_4,centos
1282,1282,subversion,RHSA-2011:0258,centos:6,0:1.6.11-2.el6_0.2,centos
1283,1283,subversion,RHSA-2014:0255,centos:6,0:1.6.11-10.el6_5,centos
1284,1284,subversion,RHSA-2011:0862,centos:6,0:1.6.11-2.el6_1.4,centos
1285,1285,subversion,RHSA-2015:1633,centos:6,0:1.6.11-15.el6_7,centos
1286,1286,subversion,RHSA-2019:2512,centos:8,0:1.10.2-2.module+el8.0.0+3900+919b6753,centos
1287,1287,subversion,RHSA-2015:1742,centos:7,0:1.7.14-7.el7_1.1,centos
1288,1288,subversion,RHSA-2017:2480,centos:7,0:1.7.14-11.el7_4,centos
1289,1289,subversion,RHSA-2015:0166,centos:7,0:1.7.14-7.el7_0,centos
1291,1291,subversion,RHSA-2011:0327,centos:5,0:1.6.11-7.el5_6.3,centos
1294,1294,subversion,RHSA-2009:1203,centos:5,0:1.4.2-4.el5_3.1,centos
1295,1295,subversion,RHSA-2011:0257,centos:5,0:1.6.11-7.el5_6.1,centos
1296,1296,byobu,CVE-2019-7306,debian:unstable,#MAXV#,debian
1304,1304,dpkg,CVE-2014-0471,debian:unstable,1.17.8,debian
1305,1305,dpkg,CVE-2004-2768,debian:unstable,1.10.19,debian
1306,1306,dpkg,CVE-2005-2096,debian:unstable,1.13.11,debian
1307,1307,dpkg,CVE-2011-0402,debian:unstable,1.15.8.8,debian
1308,1308,dpkg,CVE-2014-3864,debian:unstable,1.17.10,debian
1309,1309,dpkg,CVE-2017-8283,debian:unstable,1.18.24,debian
1310,1310,dpkg,CVE-2014-3865,debian:unstable,1.17.10,debian
1311,1311,dpkg,CVE-2015-0840,debian:unstable,1.17.25,debian
1312,1312,dpkg,CVE-2014-3227,debian:unstable,1.17.9,debian
1313,1313,dpkg,CVE-2014-8625,debian:unstable,1.17.22,debian
1314,1314,dpkg,CVE-2010-1679,debian:unstable,1.15.8.8,debian
1315,1315,dpkg,CVE-2015-0860,debian:unstable,1.18.4,debian
1316,1316,dpkg,CVE-2014-3127,debian:unstable,1.17.9,debian
1317,1317,dpkg,CVE-2010-0396,debian:unstable,1.15.6,debian
1385,1385,libstdc++,ELSA-2018-0849,oracle:7,0:4.8.5-28.0.1.el7,oracle
1386,1386,libstdc++,ELSA-2011-0025,oracle:5,0:4.1.2-50.el5,oracle
1387,1387,libstdc++,ELSA-2010-0039,oracle:5,0:4.1.2-46.el5_4.2,oracle
1388,1388,libstdc++,RHSA-2011:0025,centos:5,0:4.1.2-50.el5,centos
1389,1389,libstdc++,RHSA-2010:0039,centos:5,0:4.1.2-46.el5_4.2,centos
1390,1390,libstdc++,RHSA-2018:0849,centos:7,0:4.8.5-28.el7,centos
1391,1391,unzip,CVE-2016-9844,alpine:v3.6,6.0-r3,alpine
1392,1392,unzip,CVE-2014-8140,alpine:v3.6,6.0-r3,alpine
1393,1393,unzip,CVE-2014-9913,alpine:v3.6,6.0-r3,alpine
1394,1394,unzip,CVE-2014-9636,alpine:v3.6,6.0-r3,alpine
1395,1395,unzip,CVE-2014-8141,alpine:v3.6,6.0-r3,alpine
1396,1396,unzip,CVE-2015-7696,alpine:v3.6,6.0-r1,alpine
1397,1397,unzip,CVE-2014-8139,alpine:v3.6,6.0-r3,alpine
1398,1398,unzip,CVE-2018-1000035,alpine:v3.6,6.0-r3,alpine
1399,1399,unzip,CVE-2015-7697,alpine:v3.6,6.0-r1,alpine
1445,1445,unzip,CVE-2005-4667,debian:10,5.52-7,debian
1446,1446,unzip,CVE-2018-18384,debian:10,6.0-11,debian
1448,1448,unzip,CVE-2019-13232,debian:10,#MAXV#,debian
1450,1450,unzip,CVE-2005-0602,debian:10,5.52-1,debian
1458,1458,unzip,CVE-2003-0282,debian:10,5.50-3,debian
1459,1459,unzip,CVE-2005-2475,debian:10,5.52-4,debian
1460,1460,unzip,CVE-2008-0888,debian:10,5.52-11,debian
1516,1516,unzip,CVE-2015-1315,ubuntu:12.04,6.0-4ubuntu2.3,ubuntu
1547,1547,unzip,ELSA-2019-2159,oracle:7,0:6.0-20.el7,oracle
1548,1548,unzip,ELSA-2015-0700,oracle:7,0:6.0-15.el7,oracle
1550,1550,unzip,RHSA-2015:0700,centos:6,0:6.0-2.el6_6,centos
1551,1551,unzip,RHSA-2019:2159,centos:7,0:6.0-20.el7,centos
1553,1553,npm,CVE-2016-3956,debian:unstable,5.8.0+ds-2,debian
1554,1554,npm,CVE-2013-4116,debian:unstable,1.3.10~dfsg-1,debian
1561,1561,npm,RHSA-2019:2925,centos:8,1:6.9.0-1.10.16.3.2.module+el8.0.0+4214+49953fda,centos
1562,1562,openssl,CVE-2016-2179,alpine:v3.8,1.0.2h-r3,alpine
1563,1563,openssl,CVE-2016-6304,alpine:v3.8,1.0.2i-r0,alpine
1564,1564,openssl,CVE-2016-2105,alpine:v3.8,1.0.2h-r0,alpine
1565,1565,openssl,CVE-2016-6303,alpine:v3.8,1.0.2h-r3,alpine
1566,1566,openssl,CVE-2016-2182,alpine:v3.8,1.0.2h-r3,alpine
1567,1567,openssl,CVE-2016-2180,alpine:v3.8,1.0.2h-r2,alpine
1568,1568,openssl,CVE-2019-1559,alpine:v3.8,1.0.2r-r0,alpine
1569,1569,openssl,CVE-2018-0739,alpine:v3.8,1.0.2o-r0,alpine
1570,1570,openssl,CVE-2016-6306,alpine:v3.8,1.0.2i-r0,alpine
1571,1571,openssl,CVE-2016-2176,alpine:v3.8,1.0.2h-r0,alpine
1572,1572,openssl,CVE-2017-3736,alpine:v3.8,1.0.2m-r0,alpine
1573,1573,openssl,CVE-2017-3737,alpine:v3.8,1.0.2n-r0,alpine
1574,1574,openssl,CVE-2018-5407,alpine:v3.8,1.0.2q-r0,alpine
1575,1575,openssl,CVE-2016-2106,alpine:v3.8,1.0.2h-r0,alpine
1576,1576,openssl,CVE-2016-2181,alpine:v3.8,1.0.2h-r4,alpine
1577,1577,openssl,CVE-2017-3735,alpine:v3.8,1.0.2m-r0,alpine
1578,1578,openssl,CVE-2016-2177,alpine:v3.8,1.0.2h-r1,alpine
1579,1579,openssl,CVE-2018-0732,alpine:v3.8,1.0.2o-r1,alpine
1580,1580,openssl,CVE-2016-2178,alpine:v3.8,1.0.2h-r1,alpine
1581,1581,openssl,CVE-2018-0734,alpine:v3.8,1.0.2q-r0,alpine
1582,1582,openssl,CVE-2016-2183,alpine:v3.8,1.0.2i-r0,alpine
1583,1583,openssl,CVE-2016-6302,alpine:v3.8,1.0.2h-r3,alpine
1584,1584,openssl,CVE-2018-0737,alpine:v3.8,1.0.2o-r2,alpine
1585,1585,openssl,CVE-2016-2109,alpine:v3.8,1.0.2h-r0,alpine
1586,1586,openssl,CVE-2016-2107,alpine:v3.8,1.0.2h-r0,alpine
1587,1587,openssl,CVE-2018-0733,alpine:v3.8,1.0.2o-r0,alpine
1588,1588,openssl,CVE-2017-3738,alpine:v3.8,1.0.2o-r0,alpine
1621,1621,openssl,CVE-2017-3732,alpine:v3.4,1.0.2k-r0,alpine
1623,1623,openssl,CVE-2017-3731,alpine:v3.4,1.0.2k-r0,alpine
1633,1633,openssl,CVE-2016-7052,alpine:v3.4,1.0.2j-r0,alpine
1638,1638,openssl,CVE-2016-7055,alpine:v3.4,1.0.2k-r0,alpine
1722,1722,openssl,CVE-2019-1543,alpine:v3.9,1.1.1b-r1,alpine
1723,1723,openssl,CVE-2018-0735,alpine:v3.9,1.1.1a-r0,alpine
1727,1727,openssl,CVE-2014-0224,debian:9,1.0.1h-1,debian
1728,1728,openssl,CVE-2009-3555,debian:9,0.9.8k-6,debian
1729,1729,openssl,CVE-2014-3572,debian:9,1.0.1k-1,debian
1731,1731,openssl,CVE-2016-0701,debian:9,1.0.2f-2,debian
1732,1732,openssl,CVE-2005-2969,debian:9,0.9.8-3,debian
1733,1733,openssl,CVE-2011-0014,debian:9,0.9.8o-5,debian
1734,1734,openssl,CVE-2015-3193,debian:9,1.0.2e-1,debian
1736,1736,openssl,CVE-2016-0703,debian:9,1.0.0c-2,debian
1737,1737,openssl,CVE-2003-0545,debian:9,0.9.7c,debian
1738,1738,openssl,CVE-2007-6755,debian:9,#MAXV#,debian
1739,1739,openssl,CVE-2009-4355,debian:9,0.9.8k-8,debian
1741,1741,openssl,CVE-2016-7053,debian:9,1.1.0c-1,debian
1742,1742,openssl,CVE-2016-0799,debian:9,1.0.2g-1,debian
1743,1743,openssl,CVE-2002-0655,debian:9,0.9.6e-1,debian
1744,1744,openssl,CVE-2006-2937,debian:9,0.9.8c-2,debian
1745,1745,openssl,CVE-2008-0891,debian:9,0.9.8g-10.1,debian
1748,1748,openssl,CVE-2016-7054,debian:9,1.1.0c-1,debian
1749,1749,openssl,CVE-2014-3569,debian:9,1.0.1k-1,debian
1752,1752,openssl,CVE-2003-0078,debian:9,0.9.7a-1,debian
1753,1753,openssl,CVE-2011-5095,debian:9,0.9.8a-1,debian
1754,1754,openssl,CVE-2014-3508,debian:9,1.0.1i-1,debian
1755,1755,openssl,CVE-2006-4339,debian:9,0.9.8b-3,debian
1756,1756,openssl,CVE-2015-7575,debian:9,1.0.1f-1,debian
1757,1757,openssl,CVE-2014-5139,debian:9,1.0.1i-1,debian
1758,1758,openssl,CVE-2005-2946,debian:9,0.9.8-1,debian
1759,1759,openssl,CVE-2012-2110,debian:9,1.0.1a-1,debian
1760,1760,openssl,CVE-2014-0198,debian:9,1.0.1g-4,debian
1761,1761,openssl,CVE-2014-3566,debian:9,1.0.1j-1,debian
1762,1762,openssl,CVE-2008-1672,debian:9,0.9.8g-10.1,debian
1763,1763,openssl,CVE-2003-0131,debian:9,0.9.7b-1,debian
1764,1764,openssl,CVE-2014-3567,debian:9,1.0.1j-1,debian
1766,1766,openssl,CVE-2015-0292,debian:9,1.0.1h-1,debian
1767,1767,openssl,CVE-2014-3505,debian:9,1.0.1i-1,debian
1768,1768,openssl,CVE-2016-0705,debian:9,1.0.2g-1,debian
1769,1769,openssl,CVE-2015-0209,debian:9,1.0.1k-2,debian
1770,1770,openssl,CVE-2009-1386,debian:9,0.9.8k-1,debian
1771,1771,openssl,CVE-2006-2940,debian:9,0.9.8c-2,debian
1772,1772,openssl,CVE-2015-0287,debian:9,1.0.1k-2,debian
1773,1773,openssl,CVE-2011-4619,debian:9,1.0.0h-1,debian
1774,1774,openssl,CVE-2010-0740,debian:9,0.9.8n-1,debian
1776,1776,openssl,CVE-2013-6449,debian:9,1.0.1e-5,debian
1777,1777,openssl,CVE-2015-1792,debian:9,1.0.2b-1,debian
1778,1778,openssl,CVE-2010-5298,debian:9,1.0.1g-3,debian
1780,1780,openssl,CVE-2014-3570,debian:9,1.0.1k-1,debian
1781,1781,openssl,CVE-2015-0206,debian:9,1.0.1k-1,debian
1783,1783,openssl,CVE-2007-3108,debian:9,0.9.8e-6,debian
1785,1785,openssl,CVE-2008-5077,debian:9,0.9.8g-15,debian
1786,1786,openssl,CVE-2010-4180,debian:9,0.9.8o-4,debian
1787,1787,openssl,CVE-2002-0659,debian:9,0.9.6e-1,debian
1788,1788,openssl,CVE-2010-2939,debian:9,0.9.8o-2,debian
1789,1789,openssl,CVE-2013-0169,debian:9,1.0.1e-1,debian
1791,1791,openssl,CVE-2009-3245,debian:9,0.9.8m-1,debian
1792,1792,openssl,CVE-2015-3195,debian:9,1.0.2e-1,debian
1793,1793,openssl,CVE-2017-3733,debian:9,1.1.0e-1,debian
1794,1794,openssl,CVE-2006-4343,debian:9,0.9.8c-2,debian
1796,1796,openssl,CVE-2004-0081,debian:9,0.9.6d-1,debian
1797,1797,openssl,CVE-2012-0050,debian:9,1.0.0g-1,debian
1798,1798,openssl,CVE-2015-1794,debian:9,1.0.2e-1,debian
1800,1800,openssl,CVE-2012-1165,debian:9,1.0.0h-1,debian
1801,1801,openssl,CVE-2008-7270,debian:9,0.9.8k-1,debian
1802,1802,openssl,CVE-2007-5135,debian:9,0.9.8e-9,debian
1803,1803,openssl,CVE-2015-0205,debian:9,1.0.1k-1,debian
1804,1804,openssl,CVE-2014-3509,debian:9,1.0.1i-1,debian
1806,1806,openssl,CVE-2007-4995,debian:9,0.9.8f-1,debian
1807,1807,openssl,CVE-2014-3510,debian:9,1.0.1i-1,debian
1808,1808,openssl,CVE-2009-2409,debian:9,0.9.8k-4,debian
1809,1809,openssl,CVE-2016-0797,debian:9,1.0.2g-1,debian
1810,1810,openssl,CVE-2010-0742,debian:9,1.0.0e-1,debian
1811,1811,openssl,CVE-2015-1791,debian:9,1.0.2b-1,debian
1812,1812,openssl,CVE-2016-0704,debian:9,1.0.0c-2,debian
1813,1813,openssl,CVE-2009-1377,debian:9,0.9.8k-1,debian
1816,1816,openssl,CVE-2003-0147,debian:9,0.9.7b-1,debian
1817,1817,openssl,CVE-2002-0656,debian:9,0.9.6e-1,debian
1818,1818,openssl,CVE-2012-0884,debian:9,1.0.0h-1,debian
1819,1819,openssl,CVE-2004-0975,debian:9,0.9.7e-3,debian
1820,1820,openssl,CVE-2014-3571,debian:9,1.0.1k-1,debian
1821,1821,openssl,CVE-2015-0289,debian:9,1.0.1k-2,debian
1822,1822,openssl,CVE-2013-0166,debian:9,1.0.1e-1,debian
1823,1823,openssl,CVE-2009-5146,debian:9,0.9.8k-1,debian
1824,1824,openssl,CVE-2011-3207,debian:9,1.0.0e-1,debian
1825,1825,openssl,CVE-2014-0076,debian:9,1.0.1g-1,debian
1826,1826,openssl,CVE-2017-3730,debian:9,1.1.0d-1,debian
1827,1827,openssl,CVE-2013-4353,debian:9,1.0.1f-1,debian
1828,1828,openssl,CVE-2015-0286,debian:9,1.0.1k-2,debian
1829,1829,openssl,CVE-2015-4000,debian:9,1.0.2b-1,debian
1830,1830,openssl,CVE-2010-0928,debian:9,#MAXV#,debian
1832,1832,openssl,CVE-2000-1254,debian:9,0.9.6-1,debian
1834,1834,openssl,CVE-2009-1379,debian:9,0.9.8k-1,debian
1836,1836,openssl,CVE-2016-0702,debian:9,1.0.2g-1,debian
1837,1837,openssl,CVE-2015-0204,debian:9,1.0.1k-1,debian
1838,1838,openssl,CVE-2012-2686,debian:9,1.0.1e-1,debian
1839,1839,openssl,CVE-2016-8610,debian:9,1.0.2j-1,debian
1840,1840,openssl,CVE-2015-1790,debian:9,1.0.2b-1,debian
1841,1841,openssl,CVE-2009-1387,debian:9,0.9.8k-2,debian
1842,1842,openssl,CVE-2016-7056,debian:9,1.0.2a-1,debian
1844,1844,openssl,CVE-2012-4929,debian:9,1.0.1e-5,debian
1845,1845,openssl,CVE-2015-0288,debian:9,1.0.1k-2,debian
1846,1846,openssl,CVE-2004-0112,debian:9,0.9.7d-1,debian
1847,1847,openssl,CVE-2012-0027,debian:9,1.0.0f-1,debian
1848,1848,openssl,CVE-2011-4108,debian:9,1.0.0f-1,debian
1849,1849,openssl,CVE-2004-0079,debian:9,0.9.7d-1,debian
1850,1850,openssl,CVE-2014-0221,debian:9,1.0.1h-1,debian
1851,1851,openssl,CVE-2015-1788,debian:9,1.0.2b-1,debian
1852,1852,openssl,CVE-2014-3506,debian:9,1.0.1i-1,debian
1854,1854,openssl,CVE-2009-1378,debian:9,0.9.8k-1,debian
1855,1855,openssl,CVE-2015-3197,debian:9,1.0.0c-2,debian
1856,1856,openssl,CVE-2011-4109,debian:9,1.0.0c-1,debian
1857,1857,openssl,CVE-2014-3568,debian:9,1.0.1j-1,debian
1858,1858,openssl,CVE-2014-3512,debian:9,1.0.1i-1,debian
1859,1859,openssl,CVE-2015-1793,debian:9,1.0.2d-1,debian
1860,1860,openssl,CVE-2011-3210,debian:9,1.0.0e-1,debian
1861,1861,openssl,CVE-2008-0166,debian:9,0.9.8g-9,debian
1862,1862,openssl,CVE-2011-4577,debian:9,1.0.0f-1,debian
1865,1865,openssl,CVE-2011-4354,debian:9,0.9.8o-4squeeze3,debian
1868,1868,openssl,CVE-2014-3507,debian:9,1.0.1i-1,debian
1869,1869,openssl,CVE-2009-0653,debian:9,0.9.8-1,debian
1870,1870,openssl,CVE-2014-3470,debian:9,1.0.1h-1,debian
1871,1871,openssl,CVE-2002-0657,debian:9,0.9.6e-1,debian
1872,1872,openssl,CVE-2014-3513,debian:9,1.0.1j-1,debian
1873,1873,openssl,CVE-2014-0195,debian:9,1.0.1h-1,debian
1874,1874,openssl,CVE-2015-1789,debian:9,1.0.2b-1,debian
1875,1875,openssl,CVE-2014-8176,debian:9,1.0.1h-1,debian
1876,1876,openssl,CVE-2002-1568,debian:9,0.9.6g-1,debian
1877,1877,openssl,CVE-2006-7250,debian:9,1.0.0h-1,debian
1879,1879,openssl,CVE-2014-8275,debian:9,1.0.1k-1,debian
1880,1880,openssl,CVE-2014-0160,debian:9,1.0.1g-1,debian
1881,1881,openssl,CVE-2003-0544,debian:9,0.9.7c,debian
1882,1882,openssl,CVE-2006-3738,debian:9,0.9.8c-2,debian
1883,1883,openssl,CVE-2010-3864,debian:9,0.9.8o-3,debian
1885,1885,openssl,CVE-2016-2842,debian:9,1.0.2g-1,debian
1886,1886,openssl,CVE-2016-0800,debian:9,1.0.0c-2,debian
1887,1887,openssl,CVE-2003-0543,debian:9,0.9.7c,debian
1888,1888,openssl,CVE-2015-3196,debian:9,1.0.2d-1,debian
1889,1889,openssl,CVE-2011-1945,debian:9,1.0.0e-1,debian
1890,1890,openssl,CVE-2014-3511,debian:9,1.0.1i-1,debian
1891,1891,openssl,CVE-2012-2333,debian:9,1.0.1c-1,debian
1893,1893,openssl,CVE-2009-0590,debian:9,0.9.8g-16,debian
1894,1894,openssl,CVE-2016-2108,debian:9,1.0.2c-1,debian
1895,1895,openssl,CVE-2015-0293,debian:9,1.0.0c-2,debian
1896,1896,openssl,CVE-2016-0798,debian:9,1.0.2g-1,debian
1898,1898,openssl,CVE-2015-3194,debian:9,1.0.2e-1,debian
1899,1899,openssl,CVE-2013-6450,debian:9,1.0.1e-5,debian
1900,1900,openssl,CVE-2011-4576,debian:9,1.0.0f-1,debian
1901,1901,openssl,CVE-2019-1563,debian:9,#MAXV#,debian
1902,1902,openssl,CVE-2019-1547,debian:9,#MAXV#,debian
2252,2252,openssl,CVE-2019-1549,debian:10,#MAXV#,debian
2473,2473,openssl,CVE-2018-0495,ubuntu:17.10,1.0.2g-1ubuntu13.6,ubuntu
3120,3120,openssl,ELSA-2017-0286,oracle:6,0:1.0.1e-48.el6_8.4,oracle
3121,3121,openssl,ELSA-2011-1409,oracle:6,0:1.0.0-10.el6_1.5,oracle
3122,3122,openssl,ELSA-2018-4248,oracle:6,0:1.0.1e-57.0.6.el6,oracle
3123,3123,openssl,ELSA-2012-0518,oracle:6,0:1.0.0-20.el6_2.4,oracle
3124,3124,openssl,ELSA-2016-1940,oracle:6,0:1.0.1e-48.el6_8.3,oracle
3125,3125,openssl,ELSA-2014-1652,oracle:6,0:1.0.1e-30.el6_6.2,oracle
3126,3126,openssl,ELSA-2012-0059,oracle:6,0:1.0.0-20.el6_2.1,oracle
3127,3127,openssl,ELSA-2014-0376,oracle:6,0:1.0.1e-16.el6_5.7,oracle
3128,3128,openssl,ELSA-2014-0625,oracle:6,0:1.0.1e-16.el6_5.14,oracle
3129,3129,openssl,ELSA-2018-4228,oracle:6,0:1.0.1e-57.0.5.el6,oracle
3130,3130,openssl,ELSA-2014-0015,oracle:6,0:1.0.1e-16.el6_5.4,oracle
3131,3131,openssl,ELSA-2013-0587,oracle:6,0:1.0.0-27.el6_4.2,oracle
3132,3132,openssl,ELSA-2015-0066,oracle:6,0:1.0.1e-30.el6_6.5,oracle
3133,3133,openssl,ELSA-2012-0699,oracle:6,0:1.0.0-20.el6_2.5,oracle
3134,3134,openssl,ELSA-2012-0426,oracle:6,0:1.0.0-20.el6_2.3,oracle
3135,3135,openssl,ELSA-2015-1115,oracle:6,0:1.0.1e-30.el6_6.11,oracle
3136,3136,openssl,ELSA-2016-0008,oracle:6,0:1.0.1e-42.el6_7.2,oracle
3137,3137,openssl,ELSA-2015-1072,oracle:6,0:1.0.1e-30.el6_6.9,oracle
3138,3138,openssl,ELSA-2015-2617,oracle:6,0:1.0.1e-42.el6_7.1,oracle
3139,3139,openssl,ELSA-2010-0979,oracle:6,0:1.0.0-4.el6_0.2,oracle
3140,3140,openssl,ELSA-2014-1052,oracle:6,0:1.0.1e-16.el6_5.15,oracle
3141,3141,openssl,ELSA-2016-0301,oracle:6,0:1.0.1e-42.el6_7.4,oracle
3142,3142,openssl,ELSA-2011-0677,oracle:6,0:1.0.0-10.el6,oracle
3143,3143,openssl,ELSA-2016-0996,oracle:6,0:1.0.1e-48.el6_8.1,oracle
3144,3144,openssl,ELSA-2015-0715,oracle:6,0:1.0.1e-30.el6_6.7,oracle
3145,3145,openssl,ELSA-2019-2471,oracle:6,0:1.0.1e-58.0.1.el6_10,oracle
3146,3146,openssl,ELSA-2015-2616,oracle:5,0:0.9.8e-37.0.1.el5_11,oracle
3147,3147,openssl,ELSA-2010-0978,oracle:5,0:0.9.8e-12.el5_5.7,oracle
3148,3148,openssl,ELSA-2014-0624,oracle:5,0:0.9.8e-27.el5_10.3,oracle
3149,3149,openssl,ELSA-2016-0302,oracle:5,0:0.9.8e-39.0.1.el5_11,oracle
3150,3150,openssl,ELSA-2016-1137,oracle:5,0:0.9.8e-40.0.1.el5_11,oracle
3153,3153,openssl,ELSA-2016-3627,oracle:5,0:0.9.8e-40.0.3.el5_11,oracle
3154,3154,openssl,ELSA-2007-0964,oracle:5,0:0.9.8b-8.3.el5_0.2,oracle
3155,3155,openssl,ELSA-2015-1197,oracle:5,0:0.9.8e-36.0.1.el5_11,oracle
3156,3156,openssl,ELSA-2014-1653,oracle:5,0:0.9.8e-31.el5_11,oracle
3157,3157,openssl,ELSA-2015-3010,oracle:5,0:0.9.8e-32.0.1.el5_11,oracle
3158,3158,openssl,ELSA-2009-1335,oracle:5,0:0.9.8e-12.el5,oracle
3159,3159,openssl,ELSA-2016-3576,oracle:5,0:0.9.8e-40.0.2.el5_11,oracle
3160,3160,openssl,ELSA-2010-0054,oracle:5,0:0.9.8e-12.el5_4.1,oracle
3161,3161,openssl,ELSA-2015-0800,oracle:5,0:0.9.8e-33.0.1.el5_11,oracle
3162,3162,openssl,ELSA-2010-0162,oracle:5,0:0.9.8e-12.el5_4.6,oracle
3163,3163,openssl,ELSA-2012-0060,oracle:5,0:0.9.8e-20.el5_7.1,oracle
3165,3165,openssl,ELSA-2014-1053,oracle:5,0:0.9.8e-27.el5_10.4,oracle
3166,3166,openssl,ELSA-2009-0004,oracle:5,0:0.9.8b-10.el5_2.1,oracle
3172,3172,openssl,ELSA-2018-3221,oracle:7,1:1.0.2k-16.0.1.el7,oracle
3173,3173,openssl,ELSA-2015-0716,oracle:7,1:1.0.1e-42.el7_1.4,oracle
3174,3174,openssl,ELSA-2018-0998,oracle:7,1:1.0.2k-12.0.1.el7,oracle
3175,3175,openssl,ELSA-2018-4249,oracle:7,1:1.0.2k-12.0.3.el7,oracle
3177,3177,openssl,ELSA-2014-0679,oracle:7,1:1.0.1e-34.el7_0.3,oracle
3178,3178,openssl,ELSA-2019-2304,oracle:7,1:1.0.2k-19.0.1.el7,oracle
3179,3179,openssl,ELSA-2019-0483,oracle:7,1:1.0.2k-16.0.1.el7_6.1,oracle
3183,3183,openssl,ELSA-2016-0722,oracle:7,1:1.0.1e-51.el7_2.5,oracle
3186,3186,openssl,RHSA-2016:0301,centos:7,1:1.0.1e-51.el7_2.4,centos
3187,3187,openssl,RHSA-2019:2304,centos:7,1:1.0.2k-19.el7,centos
3188,3188,openssl,RHSA-2014:1652,centos:7,1:1.0.1e-34.el7_0.6,centos
3189,3189,openssl,RHSA-2014:0679,centos:7,1:1.0.1e-34.el7_0.3,centos
3190,3190,openssl,RHSA-2015:0716,centos:7,1:1.0.1e-42.el7_1.4,centos
3191,3191,openssl,RHSA-2017:0286,centos:7,1:1.0.1e-60.el7_3.1,centos
3192,3192,openssl,RHSA-2016:0722,centos:7,1:1.0.1e-51.el7_2.5,centos
3193,3193,openssl,RHSA-2015:1115,centos:7,1:1.0.1e-42.el7_1.8,centos
3194,3194,openssl,RHSA-2015:1072,centos:7,1:1.0.1e-42.el7_1.6,centos
3195,3195,openssl,RHSA-2018:0998,centos:7,1:1.0.2k-12.el7,centos
3196,3196,openssl,RHSA-2016:1940,centos:7,1:1.0.1e-51.el7_2.7,centos
3197,3197,openssl,RHSA-2015:0066,centos:7,1:1.0.1e-34.el7_0.7,centos
3198,3198,openssl,RHSA-2016:0008,centos:7,1:1.0.1e-51.el7_2.2,centos
3199,3199,openssl,RHSA-2018:3221,centos:7,1:1.0.2k-16.el7,centos
3200,3200,openssl,RHSA-2014:1052,centos:7,1:1.0.1e-34.el7_0.4,centos
3201,3201,openssl,RHSA-2015:2617,centos:7,1:1.0.1e-51.el7_2.1,centos
3202,3202,openssl,RHSA-2019:0483,centos:7,1:1.0.2k-16.el7_6.1,centos
3203,3203,openssl,RHSA-2015:1197,centos:5,0:0.9.8e-36.el5_11,centos
3204,3204,openssl,RHSA-2010:0054,centos:5,0:0.9.8e-12.el5_4.1,centos
3205,3205,openssl,RHSA-2014:0624,centos:5,0:0.9.8e-27.el5_10.3,centos
3206,3206,openssl,RHSA-2014:1653,centos:5,0:0.9.8e-31.el5_11,centos
3207,3207,openssl,RHSA-2016:0302,centos:5,0:0.9.8e-39.el5_11,centos
3208,3208,openssl,RHSA-2012:0426,centos:5,0:0.9.8e-22.el5_8.1,centos
3209,3209,openssl,RHSA-2013:0587,centos:5,0:0.9.8e-26.el5_9.1,centos
3210,3210,openssl,RHSA-2010:0162,centos:5,0:0.9.8e-12.el5_4.6,centos
3211,3211,openssl,RHSA-2009:1335,centos:5,0:0.9.8e-12.el5,centos
3212,3212,openssl,RHSA-2009:0004,centos:5,0:0.9.8b-10.el5_2.1,centos
3213,3213,openssl,RHSA-2016:1137,centos:5,0:0.9.8e-40.el5_11,centos
3214,3214,openssl,RHSA-2012:0518,centos:5,0:0.9.8e-22.el5_8.3,centos
3215,3215,openssl,RHSA-2010:0978,centos:5,0:0.9.8e-12.el5_5.7,centos
3216,3216,openssl,RHSA-2012:0699,centos:5,0:0.9.8e-22.el5_8.4,centos
3217,3217,openssl,RHSA-2007:0964,centos:5,0:0.9.8b-8.3.el5_0.2,centos
3218,3218,openssl,RHSA-2014:1053,centos:5,0:0.9.8e-27.el5_10.4,centos
3219,3219,openssl,RHSA-2015:0800,centos:5,0:0.9.8e-33.el5_11,centos
3220,3220,openssl,RHSA-2015:2616,centos:5,0:0.9.8e-37.el5_11,centos
3221,3221,openssl,RHSA-2012:0060,centos:5,0:0.9.8e-20.el5_7.1,centos
3222,3222,openssl,RHSA-2010:0979,centos:6,0:1.0.0-4.el6_0.2,centos
3226,3226,openssl,RHSA-2012:0059,centos:6,0:1.0.0-20.el6_2.1,centos
3232,3232,openssl,RHSA-2014:0376,centos:6,0:1.0.1e-16.el6_5.7,centos
3235,3235,openssl,RHSA-2011:1409,centos:6,0:1.0.0-10.el6_1.5,centos
3236,3236,openssl,RHSA-2014:0625,centos:6,0:1.0.1e-16.el6_5.14,centos
3237,3237,openssl,RHSA-2019:2471,centos:6,0:1.0.1e-58.el6_10,centos
3238,3238,openssl,RHSA-2015:0715,centos:6,0:1.0.1e-30.el6_6.7,centos
3240,3240,openssl,RHSA-2016:0996,centos:6,0:1.0.1e-48.el6_8.1,centos
3242,3242,openssl,RHSA-2010:0888,centos:6,0:1.0.0-4.el6_0.1,centos
3243,3243,openssl,RHSA-2014:0015,centos:6,0:1.0.1e-16.el6_5.4,centos
3246,3246,openssl,RHSA-2011:0677,centos:6,0:1.0.0-10.el6,centos
3247,3247,node,CVE-2015-2927,debian:8,#MAXV#,debian
3248,3248,node,CVE-2003-0707,debian:8,0.3.2-1,debian
3249,3249,node,CVE-2003-0708,debian:8,0.3.2-1,debian
3250,3250,gnupg2,CVE-2008-1530,debian:9,2.0.9-1,debian
3251,3251,gnupg2,CVE-2006-3746,debian:9,1.9.20-2,debian
3252,3252,gnupg2,CVE-2007-1263,debian:9,2.0.3-1,debian
3253,3253,gnupg2,CVE-2006-6235,debian:9,2.0.0-5.2,debian
3254,3254,gnupg2,CVE-2005-2023,debian:9,1.9.15-1,debian
3255,3255,gnupg2,CVE-2013-4402,debian:9,2.0.22-1,debian
3256,3256,gnupg2,CVE-2018-9234,debian:9,#MAXV#,debian
3257,3257,gnupg2,CVE-2006-3082,debian:9,1.9.20-1.1,debian
3258,3258,gnupg2,CVE-2015-1606,debian:9,2.0.26-5,debian
3259,3259,gnupg2,CVE-2013-4351,debian:9,2.0.22-1,debian
3260,3260,gnupg2,CVE-2015-1607,debian:9,2.0.26-5,debian
3261,3261,gnupg2,CVE-2012-6085,debian:9,2.0.19-2,debian
3262,3262,gnupg2,CVE-2006-6169,debian:9,2.0.0-5.1,debian
3263,3263,gnupg2,CVE-2018-1000858,debian:9,#MAXV#,debian
3264,3264,gnupg2,CVE-2014-4617,debian:9,2.0.24-1,debian
3265,3265,gnupg2,CVE-2018-12020,debian:9,2.1.18-8~deb9u2,debian
3266,3266,gnupg2,CVE-2010-2547,debian:9,2.0.14-2,debian
3336,3336,gnupg2,CVE-2019-13050,ubuntu:18.04,#MAXV#,ubuntu
3343,3343,gnupg2,ELSA-2018-2181,oracle:7,0:2.0.22-5.el7_5,oracle
3344,3344,gnupg2,ELSA-2013-1459,oracle:5,0:2.0.10-6.el5_10,oracle
3345,3345,gnupg2,ELSA-2010-0603,oracle:5,0:2.0.10-3.el5_5.1,oracle
3346,3346,gnupg2,ELSA-2018-2180,oracle:6,0:2.0.14-9.el6_10,oracle
3348,3348,gnupg2,RHSA-2018:2180,centos:6,0:2.0.14-9.el6_10,centos
3349,3349,gnupg2,RHSA-2013:1459,centos:6,0:2.0.14-6.el6_4,centos
3351,3351,gnupg2,RHSA-2010:0603,centos:5,0:2.0.10-3.el5_5.1,centos
3352,3352,gnupg2,RHSA-2018:2181,centos:7,0:2.0.22-5.el7_5,centos
3353,3353,ca-certificates,ELSA-2011-1248,oracle:6,0:2010.63-3.el6_1.5,oracle
3354,3354,ca-certificates,ELSA-2013-1866,oracle:6,0:2013.1.95-65.1.el6_5,oracle
3355,3355,ca-certificates,RHSA-2013:1866,centos:6,0:2013.1.95-65.1.el6_5,centos
3356,3356,ca-certificates,RHSA-2011:1248,centos:6,0:2010.63-3.el6_1.5,centos
3357,3357,python-httplib2,CVE-2013-2037,debian:unstable,0.8-2,debian
3364,3364,git,CVE-2018-17456,alpine:v3.7,2.15.3-r0,alpine
3365,3365,git,CVE-2017-1000117,alpine:v3.7,2.14.1-r0,alpine
3366,3366,git,CVE-2018-19486,alpine:v3.7,2.15.r-r1,alpine
3367,3367,git,CVE-2018-11235,alpine:v3.7,2.15.2-r0,alpine
3368,3368,git,CVE-2018-11233,alpine:v3.7,2.15.2-r0,alpine
3387,3387,git,CVE-2017-8386,alpine:v3.3,2.6.7-r0,alpine
3394,3394,git,CVE-2014-9390,debian:10,1:2.1.4-1,debian
3395,3395,git,CVE-2010-3906,debian:10,1:1.7.2.3-2.2,debian
3400,3400,git,CVE-2017-15298,debian:10,#MAXV#,debian
3401,3401,git,CVE-2017-14867,debian:10,1:2.14.2-1,debian
3402,3402,git,CVE-2015-7545,debian:10,1:2.6.1-1,debian
3403,3403,git,CVE-2016-2324,debian:10,1:2.8.0~rc3-1,debian
3406,3406,git,CVE-2018-1000021,debian:10,#MAXV#,debian
3407,3407,git,CVE-2016-2315,debian:10,1:2.7.0-1,debian
3408,3408,git,CVE-2014-9938,debian:10,1:2.0.0~rc2-1,debian
3501,3501,git,ELSA-2017-2485,oracle:6,0:1.7.1-9.el6_9,oracle
3502,3502,git,ELSA-2013-0589,oracle:6,0:1.7.1-3.el6_4.1,oracle
3503,3503,git,ELSA-2010-1003,oracle:6,0:1.7.1-2.el6_0.1,oracle
3504,3504,git,ELSA-2016-0496,oracle:6,0:1.7.1-4.el6_7.1,oracle
3505,3505,git,ELSA-2018-3408,oracle:7,0:1.8.3.1-20.el7,oracle
3506,3506,git,ELSA-2017-2484,oracle:7,0:1.8.3.1-12.el7_4,oracle
3507,3507,git,ELSA-2018-1957,oracle:7,0:1.8.3.1-14.el7_5,oracle
3508,3508,git,ELSA-2017-2004,oracle:7,0:1.8.3.1-11.el7,oracle
3509,3509,git,ELSA-2015-2561,oracle:7,0:1.8.3.1-6.el7,oracle
3511,3511,git,RHSA-2015:2561,centos:7,0:1.8.3.1-6.el7,centos
3512,3512,git,RHSA-2018:1957,centos:7,0:1.8.3.1-14.el7_5,centos
3513,3513,git,RHSA-2016:0496,centos:7,0:1.8.3.1-6.el7_2.1,centos
3514,3514,git,RHSA-2017:2004,centos:7,0:1.8.3.1-11.el7,centos
3515,3515,git,RHSA-2018:3408,centos:7,0:1.8.3.1-20.el7,centos
3516,3516,git,RHSA-2017:2484,centos:7,0:1.8.3.1-12.el7_4,centos
3518,3518,git,RHSA-2017:2485,centos:6,0:1.7.1-9.el6_9,centos
3519,3519,git,RHSA-2013:0589,centos:6,0:1.7.1-3.el6_4.1,centos
3520,3520,git,RHSA-2010:1003,centos:6,0:1.7.1-2.el6_0.1,centos
3521,3521,binutils,CVE-2018-20002,alpine:v3.10,2.32-r0,alpine
3522,3522,binutils,CVE-2018-19931,alpine:v3.10,2.32-r0,alpine
3523,3523,binutils,CVE-2018-20712,alpine:v3.10,2.32-r0,alpine
3524,3524,binutils,CVE-2017-7614,alpine:v3.10,2.28-r1,alpine
3525,3525,binutils,CVE-2018-19932,alpine:v3.10,2.32-r0,alpine
3529,3529,binutils,CVE-2017-9038,alpine:v3.6,2.28-r3,alpine
3533,3533,binutils,CVE-2018-10372,debian:9,#MAXV#,debian
3534,3534,binutils,CVE-2017-15022,debian:9,#MAXV#,debian
3535,3535,binutils,CVE-2019-12972,debian:9,#MAXV#,debian
3536,3536,binutils,CVE-2017-14974,debian:9,#MAXV#,debian
3537,3537,binutils,CVE-2018-8945,debian:9,#MAXV#,debian
3538,3538,binutils,CVE-2018-17794,debian:9,#MAXV#,debian
3539,3539,binutils,CVE-2018-18606,debian:9,#MAXV#,debian
3540,3540,binutils,CVE-2017-17124,debian:9,#MAXV#,debian
3541,3541,binutils,CVE-2017-9955,debian:9,#MAXV#,debian
3542,3542,binutils,CVE-2014-8504,debian:9,2.24.90.20141104-1,debian
3543,3543,binutils,CVE-2019-9070,debian:9,#MAXV#,debian
3544,3544,binutils,CVE-2019-14444,debian:9,#MAXV#,debian
3545,3545,binutils,CVE-2018-18700,debian:9,#MAXV#,debian
3546,3546,binutils,CVE-2018-7643,debian:9,#MAXV#,debian
3547,3547,binutils,CVE-2017-14938,debian:9,#MAXV#,debian
3548,3548,binutils,CVE-2014-9939,debian:9,2.25.90.20151125-1,debian
3550,3550,binutils,CVE-2016-4490,debian:9,2.27.51.20161102-1,debian
3551,3551,binutils,CVE-2017-7304,debian:9,2.27.51.20161212-1,debian
3552,3552,binutils,CVE-2017-12450,debian:9,#MAXV#,debian
3553,3553,binutils,CVE-2017-9743,debian:9,#MAXV#,debian
3554,3554,binutils,CVE-2018-17358,debian:9,#MAXV#,debian
3555,3555,binutils,CVE-2017-12449,debian:9,#MAXV#,debian
3556,3556,binutils,CVE-2019-1010204,debian:9,#MAXV#,debian
3557,3557,binutils,CVE-2018-1000876,debian:9,#MAXV#,debian
3558,3558,binutils,CVE-2016-4488,debian:9,2.27.51.20161102-1,debian
3559,3559,binutils,CVE-2017-12456,debian:9,#MAXV#,debian
3560,3560,binutils,CVE-2018-12697,debian:9,#MAXV#,debian
3561,3561,binutils,CVE-2017-17121,debian:9,#MAXV#,debian
3562,3562,binutils,CVE-2018-17359,debian:9,#MAXV#,debian
3563,3563,binutils,CVE-2016-4489,debian:9,2.27.51.20161102-1,debian
3564,3564,binutils,CVE-2018-18605,debian:9,#MAXV#,debian
3565,3565,binutils,CVE-2019-1010180,debian:9,#MAXV#,debian
3566,3566,binutils,CVE-2019-9073,debian:9,#MAXV#,debian
3567,3567,binutils,CVE-2017-16830,debian:9,#MAXV#,debian
3568,3568,binutils,CVE-2014-8502,debian:9,2.24.90.20141104-1,debian
3569,3569,binutils,CVE-2016-4491,debian:9,2.28-3,debian
3570,3570,binutils,CVE-2017-13757,debian:9,#MAXV#,debian
3571,3571,binutils,CVE-2017-14130,debian:9,#MAXV#,debian
3572,3572,binutils,CVE-2017-6966,debian:9,2.28-3,debian
3573,3573,binutils,CVE-2017-14129,debian:9,#MAXV#,debian
3574,3574,binutils,CVE-2019-9077,debian:9,#MAXV#,debian
3575,3575,binutils,CVE-2017-9748,debian:9,#MAXV#,debian
3576,3576,binutils,CVE-2018-6543,debian:9,#MAXV#,debian
3577,3577,binutils,CVE-2014-8484,debian:9,2.24.51.20140903-1,debian
3578,3578,binutils,CVE-2017-7227,debian:9,2.27.51.20161212-1,debian
3579,3579,binutils,CVE-2017-14932,debian:9,#MAXV#,debian
3580,3580,binutils,CVE-2017-14745,debian:9,#MAXV#,debian
3581,3581,binutils,CVE-2017-15020,debian:9,#MAXV#,debian
3582,3582,binutils,CVE-2017-9042,debian:9,#MAXV#,debian
3583,3583,binutils,CVE-2016-4492,debian:9,2.27.51.20161102-1,debian
3584,3584,binutils,CVE-2017-14939,debian:9,#MAXV#,debian
3585,3585,binutils,CVE-2014-8738,debian:9,2.24.90.20141124-1,debian
3586,3586,binutils,CVE-2017-8393,debian:9,2.28-5,debian
3587,3587,binutils,CVE-2017-9753,debian:9,#MAXV#,debian
3588,3588,binutils,CVE-2014-8503,debian:9,2.24.90.20141104-1,debian
3589,3589,binutils,CVE-2017-17123,debian:9,#MAXV#,debian
3590,3590,binutils,CVE-2017-9756,debian:9,#MAXV#,debian
3591,3591,binutils,CVE-2017-6965,debian:9,2.28-3,debian
3592,3592,binutils,CVE-2017-7299,debian:9,2.27.51.20161220-1,debian
3593,3593,binutils,CVE-2018-9138,debian:9,#MAXV#,debian
3594,3594,binutils,CVE-2017-17122,debian:9,#MAXV#,debian
3595,3595,binutils,CVE-2017-8398,debian:9,2.28-5,debian
3596,3596,binutils,CVE-2017-9755,debian:9,#MAXV#,debian
3597,3597,binutils,CVE-2018-7208,debian:9,#MAXV#,debian
3598,3598,binutils,CVE-2016-4493,debian:9,2.27.51.20161102-1,debian
3599,3599,binutils,CVE-2018-7568,debian:9,#MAXV#,debian
3600,3600,binutils,CVE-2018-7642,debian:9,#MAXV#,debian
3601,3601,binutils,CVE-2019-9074,debian:9,#MAXV#,debian
3602,3602,binutils,CVE-2017-17125,debian:9,#MAXV#,debian
3603,3603,binutils,CVE-2018-12698,debian:9,#MAXV#,debian
3604,3604,binutils,CVE-2018-12699,debian:9,#MAXV#,debian
3605,3605,binutils,CVE-2017-7226,debian:9,2.27.51.20161212-1,debian
3606,3606,binutils,CVE-2014-8485,debian:9,2.24.90.20141104-1,debian
3607,3607,binutils,CVE-2017-8396,debian:9,2.28-5,debian
3608,3608,binutils,CVE-2018-20671,debian:9,#MAXV#,debian
3609,3609,binutils,CVE-2017-16828,debian:9,#MAXV#,debian
3610,3610,binutils,CVE-2014-8737,debian:9,2.24.90.20141124-1,debian
3611,3611,binutils,CVE-2017-7302,debian:9,2.27.51.20161212-1,debian
3612,3612,binutils,CVE-2017-14128,debian:9,#MAXV#,debian
3613,3613,binutils,CVE-2017-7301,debian:9,2.27.51.20161212-1,debian
3614,3614,binutils,CVE-2017-16826,debian:9,#MAXV#,debian
3615,3615,binutils,CVE-2018-18607,debian:9,#MAXV#,debian
3616,3616,binutils,CVE-2017-12458,debian:9,#MAXV#,debian
3617,3617,binutils,CVE-2017-12452,debian:9,#MAXV#,debian
3618,3618,binutils,CVE-2018-13033,debian:9,#MAXV#,debian
3619,3619,binutils,CVE-2018-6323,debian:9,#MAXV#,debian
3620,3620,binutils,CVE-2018-10535,debian:9,#MAXV#,debian
3621,3621,binutils,CVE-2017-12459,debian:9,#MAXV#,debian
3622,3622,binutils,CVE-2018-17360,debian:9,#MAXV#,debian
3623,3623,binutils,CVE-2017-7210,debian:9,2.28-3,debian
3624,3624,binutils,CVE-2017-16831,debian:9,#MAXV#,debian
3625,3625,binutils,CVE-2018-18484,debian:9,#MAXV#,debian
3626,3626,binutils,CVE-2017-14934,debian:9,#MAXV#,debian
3627,3627,binutils,CVE-2017-13716,debian:9,#MAXV#,debian
3628,3628,binutils,CVE-2017-7209,debian:9,2.28-3,debian
3629,3629,binutils,CVE-2017-12455,debian:9,#MAXV#,debian
3630,3630,binutils,CVE-2018-17985,debian:9,#MAXV#,debian
3631,3631,binutils,CVE-2018-12934,debian:9,#MAXV#,debian
3632,3632,binutils,CVE-2018-9996,debian:9,#MAXV#,debian
3633,3633,binutils,CVE-2018-18701,debian:9,#MAXV#,debian
3634,3634,binutils,CVE-2016-2226,debian:9,2.27.51.20161102-1,debian
3635,3635,binutils,CVE-2017-8397,debian:9,2.28-5,debian
3636,3636,binutils,CVE-2018-20673,debian:9,#MAXV#,debian
3637,3637,binutils,CVE-2017-12799,debian:9,#MAXV#,debian
3638,3638,binutils,CVE-2008-2310,debian:9,2.18.1~cvs20080103-1,debian
3639,3639,binutils,CVE-2017-16827,debian:9,#MAXV#,debian
3640,3640,binutils,CVE-2017-15023,debian:9,#MAXV#,debian
3641,3641,binutils,CVE-2017-9954,debian:9,#MAXV#,debian
3642,3642,binutils,CVE-2017-9043,debian:9,#MAXV#,debian
3643,3643,binutils,CVE-2016-6131,debian:9,2.27.51.20161102-1,debian
3644,3644,binutils,CVE-2017-9742,debian:9,#MAXV#,debian
3645,3645,binutils,CVE-2018-10534,debian:9,#MAXV#,debian
3646,3646,binutils,CVE-2017-9040,debian:9,#MAXV#,debian
3647,3647,binutils,CVE-2017-12453,debian:9,#MAXV#,debian
3648,3648,binutils,CVE-2017-16829,debian:9,#MAXV#,debian
3650,3650,binutils,CVE-2017-9750,debian:9,#MAXV#,debian
3651,3651,binutils,CVE-2019-9075,debian:9,#MAXV#,debian
3652,3652,binutils,CVE-2017-12448,debian:9,#MAXV#,debian
3653,3653,binutils,CVE-2018-18483,debian:9,#MAXV#,debian
3654,3654,binutils,CVE-2017-8394,debian:9,2.28-5,debian
3655,3655,binutils,CVE-2005-4807,debian:9,2.17-1,debian
3656,3656,binutils,CVE-2017-9747,debian:9,#MAXV#,debian
3657,3657,binutils,CVE-2017-16832,debian:9,#MAXV#,debian
3658,3658,binutils,CVE-2017-12451,debian:9,#MAXV#,debian
3659,3659,binutils,CVE-2018-20623,debian:9,#MAXV#,debian
3660,3660,binutils,CVE-2017-12454,debian:9,#MAXV#,debian
3661,3661,binutils,CVE-2018-20651,debian:9,#MAXV#,debian
3662,3662,binutils,CVE-2017-7223,debian:9,2.27.51.20161212-1,debian
3663,3663,binutils,CVE-2019-9071,debian:9,#MAXV#,debian
3664,3664,binutils,CVE-2017-17080,debian:9,#MAXV#,debian
3665,3665,binutils,CVE-2017-13710,debian:9,#MAXV#,debian
3666,3666,binutils,CVE-2018-7569,debian:9,#MAXV#,debian
3667,3667,binutils,CVE-2018-12700,debian:9,#MAXV#,debian
3668,3668,binutils,CVE-2017-15024,debian:9,#MAXV#,debian
3669,3669,binutils,CVE-2017-8395,debian:9,2.28-5,debian
3670,3670,binutils,CVE-2017-9039,debian:9,#MAXV#,debian
3671,3671,binutils,CVE-2012-3509,debian:9,2.22-8,debian
3673,3673,binutils,CVE-2017-9751,debian:9,#MAXV#,debian
3674,3674,binutils,CVE-2017-9749,debian:9,#MAXV#,debian
3675,3675,binutils,CVE-2017-6969,debian:9,2.28-3,debian
3676,3676,binutils,CVE-2017-15225,debian:9,#MAXV#,debian
3677,3677,binutils,CVE-2017-9041,debian:9,#MAXV#,debian
3678,3678,binutils,CVE-2017-9746,debian:9,#MAXV#,debian
3679,3679,binutils,CVE-2017-7303,debian:9,2.27.51.20161212-1,debian
3680,3680,binutils,CVE-2017-15021,debian:9,#MAXV#,debian
3681,3681,binutils,CVE-2017-14529,debian:9,#MAXV#,debian
3682,3682,binutils,CVE-2017-15025,debian:9,#MAXV#,debian
3683,3683,binutils,CVE-2018-10373,debian:9,#MAXV#,debian
3685,3685,binutils,CVE-2018-6872,debian:9,#MAXV#,debian
3686,3686,binutils,CVE-2017-9752,debian:9,#MAXV#,debian
3687,3687,binutils,CVE-2017-12457,debian:9,#MAXV#,debian
3688,3688,binutils,CVE-2014-8501,debian:9,2.24.90.20141104-1,debian
3689,3689,binutils,CVE-2017-15996,debian:9,#MAXV#,debian
3690,3690,binutils,CVE-2017-9044,debian:9,#MAXV#,debian
3691,3691,binutils,CVE-2018-18309,debian:9,#MAXV#,debian
3692,3692,binutils,CVE-2017-9754,debian:9,#MAXV#,debian
3693,3693,binutils,CVE-2006-2362,debian:9,2.17-1,debian
3694,3694,binutils,CVE-2017-17126,debian:9,#MAXV#,debian
3695,3695,binutils,CVE-2017-9744,debian:9,#MAXV#,debian
3696,3696,binutils,CVE-2017-14940,debian:9,#MAXV#,debian
3697,3697,binutils,CVE-2017-14930,debian:9,#MAXV#,debian
3698,3698,binutils,CVE-2018-7570,debian:9,#MAXV#,debian
3699,3699,binutils,CVE-2017-14933,debian:9,#MAXV#,debian
3700,3700,binutils,CVE-2005-4808,debian:9,2.17-1,debian
3701,3701,binutils,CVE-2017-7224,debian:9,2.27.51.20161201-1,debian
3702,3702,binutils,CVE-2017-12967,debian:9,#MAXV#,debian
3703,3703,binutils,CVE-2018-6759,debian:9,#MAXV#,debian
3704,3704,binutils,CVE-2017-9745,debian:9,#MAXV#,debian
3705,3705,binutils,CVE-2017-7225,debian:9,2.27.51.20161201-1,debian
3706,3706,binutils,CVE-2017-14333,debian:9,#MAXV#,debian
3707,3707,binutils,CVE-2017-14729,debian:9,#MAXV#,debian
3708,3708,binutils,CVE-2017-7300,debian:9,2.27.51.20161212-1,debian
3710,3710,binutils,CVE-2016-4487,debian:9,2.27.51.20161102-1,debian
3711,3711,binutils,CVE-2017-15938,debian:9,#MAXV#,debian
3713,3713,binutils,CVE-2017-8421,debian:9,2.28-5,debian
3714,3714,binutils,CVE-2019-14250,debian:9,#MAXV#,debian
3715,3715,binutils,CVE-2019-17451,debian:9,#MAXV#,debian
3716,3716,binutils,CVE-2019-17450,debian:9,#MAXV#,debian
4398,4398,binutils,CVE-2018-12641,ubuntu:16.04,#MAXV#,ubuntu
4399,4399,binutils,CVE-2017-15939,ubuntu:16.04,#MAXV#,ubuntu
4581,4581,binutils,ELSA-2019-2075,oracle:7,0:2.27-41.base.0.1.el7,oracle
4582,4582,binutils,ELSA-2018-3032,oracle:7,0:2.27-34.base.0.1.el7,oracle
4583,4583,binutils,ELSA-2015-2079,oracle:7,0:2.23.52.0.1-55.el7,oracle
4584,4584,binutils,RHSA-2018:3032,centos:7,0:2.27-34.base.el7,centos
4585,4585,binutils,RHSA-2015:2079,centos:7,0:2.23.52.0.1-55.el7,centos
4586,4586,binutils,RHSA-2019:2075,centos:7,0:2.27-41.base.el7,centos
4587,4587,procps,CVE-2018-1126,debian:unstable,2:3.3.15-1,debian
4588,4588,procps,CVE-2018-1123,debian:unstable,2:3.3.15-1,debian
4589,4589,procps,CVE-2018-1125,debian:unstable,2:3.3.15-1,debian
4590,4590,procps,CVE-2018-1122,debian:unstable,2:3.3.15-1,debian
4591,4591,procps,CVE-2018-1124,debian:unstable,2:3.3.15-1,debian
4632,4632,procps,ELSA-2018-1777,oracle:6,0:3.2.8-45.0.1.el6_9.3,oracle
4633,4633,procps,RHSA-2018:1777,centos:6,0:3.2.8-45.el6_9.3,centos
4634,4634,iputils,CVE-2010-2529,debian:unstable,3:20100418-2,debian
4644,4644,jq,CVE-2016-4074,alpine:v3.10,1.6_rc1-r0,alpine
4651,4651,jq,CVE-2015-8863,debian:unstable,1.5+dfsg-1.1,debian
4663,4663,gcc,ELSA-2018-0849,oracle:7,0:4.8.5-28.0.1.el7,oracle
4664,4664,gcc,ELSA-2011-0025,oracle:5,0:4.1.2-50.el5,oracle
4665,4665,gcc,ELSA-2010-0039,oracle:5,0:4.1.2-46.el5_4.2,oracle
4666,4666,gcc,RHSA-2011:0025,centos:5,0:4.1.2-50.el5,centos
4667,4667,gcc,RHSA-2010:0039,centos:5,0:4.1.2-46.el5_4.2,centos
4668,4668,gcc,RHSA-2018:0849,centos:7,0:4.8.5-28.el7,centos
4669,4669,htop,CVE-2008-5076,debian:unstable,0.8.1-2,debian
4673,4673,wget,CVE-2018-20483,alpine:v3.9,1.20.1-r0,alpine
4674,4674,wget,CVE-2017-13090,alpine:v3.9,1.19.2-r0,alpine
4675,4675,wget,CVE-2018-0494,alpine:v3.9,1.19.5-r0,alpine
4676,4676,wget,CVE-2017-6508,alpine:v3.9,1.19.1-r1,alpine
4682,4682,wget,CVE-2016-4971,alpine:v3.4,1.17.1-r1,alpine
4685,4685,wget,CVE-2017-13089,alpine:v3.4,1.18-r2,alpine
4701,4701,wget,CVE-2019-5953,alpine:v3.10,1.20.3-r0,alpine
4704,4704,wget,CVE-2004-1487,debian:9,1.9.1-11,debian
4706,4706,wget,CVE-2005-3185,debian:9,1.10.2-1,debian
4707,4707,wget,CVE-2009-3490,debian:9,1.12-1,debian
4708,4708,wget,CVE-2014-4877,debian:9,1.16-1,debian
4711,4711,wget,CVE-2004-2014,debian:9,1.9.1-12,debian
4712,4712,wget,CVE-2004-1488,debian:9,1.9.1-11,debian
4713,4713,wget,CVE-2002-1344,debian:9,1.8.2-8,debian
4715,4715,wget,CVE-2002-1565,debian:9,1.8.2-8,debian
4716,4716,wget,CVE-2010-2252,debian:9,1.12-2.1,debian
4718,4718,wget,CVE-2006-6719,debian:9,1.13-1,debian
4720,4720,wget,CVE-2016-7098,debian:9,1.18-4,debian
4815,4815,wget,ELSA-2014-1764,oracle:7,0:1.14-10.el7_0.1,oracle
4816,4816,wget,ELSA-2016-2587,oracle:7,0:1.14-13.el7,oracle
4817,4817,wget,ELSA-2019-1228,oracle:7,0:1.14-18.el7_6.1,oracle
4818,4818,wget,ELSA-2018-3052,oracle:7,0:1.14-18.el7,oracle
4819,4819,wget,ELSA-2017-3075,oracle:7,0:1.14-15.el7_4.1,oracle
4820,4820,wget,ELSA-2019-0983,oracle:8,0:1.19.5-7.0.1.el8_0.1,oracle
4821,4821,wget,ELSA-2009-1549,oracle:5,0:1.11.4-2.el5_4.1,oracle
4822,4822,wget,ELSA-2014-0151,oracle:6,0:1.12-1.11.el6_5,oracle
4824,4824,wget,RHSA-2018:3052,centos:7,0:1.14-18.el7,centos
4825,4825,wget,RHSA-2016:2587,centos:7,0:1.14-13.el7,centos
4826,4826,wget,RHSA-2017:3075,centos:7,0:1.14-15.el7_4.1,centos
4827,4827,wget,RHSA-2014:1764,centos:7,0:1.14-10.el7_0.1,centos
4828,4828,wget,RHSA-2019:1228,centos:7,0:1.14-18.el7_6.1,centos
4829,4829,wget,RHSA-2014:0151,centos:6,0:1.12-1.11.el6_5,centos
4831,4831,wget,RHSA-2019:0983,centos:8,0:1.19.5-7.el8_0.1,centos
4832,4832,wget,RHSA-2009:1549,centos:5,0:1.11.4-2.el5_4.1,centos
4833,4833,gnupg,CVE-2018-12020,alpine:v3.9,2.2.8-r0,alpine
4840,4840,gnupg,CVE-2007-1263,debian:8,1.4.6-2,debian
4841,4841,gnupg,CVE-2006-3082,debian:8,1.4.3-2,debian
4842,4842,gnupg,CVE-2014-3591,debian:8,1.4.18-7,debian
4843,4843,gnupg,CVE-2017-7526,debian:8,1.4.18-7+deb8u4,debian
4844,4844,gnupg,CVE-2012-6085,debian:8,1.4.12-7,debian
4846,4846,gnupg,CVE-2006-6235,debian:8,1.4.6-1,debian
4847,4847,gnupg,CVE-2018-6829,debian:8,#MAXV#,debian
4848,4848,gnupg,CVE-2015-0837,debian:8,1.4.18-7,debian
4849,4849,gnupg,CVE-2006-0455,debian:8,1.4.2.2-1,debian
4850,4850,gnupg,CVE-2003-0971,debian:8,1.2.4-1,debian
4851,4851,gnupg,CVE-2003-0255,debian:8,1.2.2,debian
4852,4852,gnupg,CVE-2013-4351,debian:8,1.4.15-1,debian
4853,4853,gnupg,CVE-2014-4617,debian:8,1.4.16-1.2,debian
4854,4854,gnupg,CVE-2006-3746,debian:8,1.4.5-1,debian
4855,4855,gnupg,CVE-2006-0049,debian:8,1.4.2.2-1,debian
4856,4856,gnupg,CVE-2015-1607,debian:8,1.4.18-7,debian
4857,4857,gnupg,CVE-2013-4242,debian:8,1.4.14-1,debian
4858,4858,gnupg,CVE-2013-4576,debian:8,1.4.15-3,debian
4859,4859,gnupg,CVE-2013-4402,debian:8,1.4.15-1,debian
4860,4860,gnupg,CVE-2005-0366,debian:8,1.4.1-1,debian
4861,4861,gnupg,CVE-2016-6313,debian:8,1.4.18-7+deb8u2,debian
4862,4862,gnupg,CVE-2006-6169,debian:8,1.4.5-3,debian
4863,4863,gnupg,CVE-2014-5270,debian:8,1.4.16-1,debian
4864,4864,gnupg,CVE-2015-1606,debian:8,1.4.18-7,debian
4891,4891,gnupg,CVE-2019-13050,ubuntu:14.04,#MAXV#,ubuntu
4906,4906,gnupg,ELSA-2013-1458,oracle:5,0:1.4.5-18.el5_10,oracle
4907,4907,gnupg,ELSA-2007-0107,oracle:5,0:1.4.5-13,oracle
4908,4908,gnupg,ELSA-2014-0016,oracle:5,0:1.4.5-18.el5_10.1,oracle
4909,4909,gnupg,RHSA-2014:0016,centos:5,0:1.4.5-18.el5_10.1,centos
4910,4910,gnupg,RHSA-2013:1458,centos:5,0:1.4.5-18.el5_10,centos
4911,4911,gnupg,RHSA-2007:0107,centos:5,0:1.4.5-13,centos
4912,4912,mcrypt,CVE-2012-4527,debian:unstable,2.6.8-1.3,debian
4913,4913,mcrypt,CVE-2012-4426,debian:unstable,2.6.8-1.1,debian
4914,4914,mcrypt,CVE-2012-4409,debian:unstable,2.6.8-1.1,debian
4924,4924,gd,CVE-2018-5711,alpine:v3.10,2.2.5-r2,alpine
4925,4925,gd,CVE-2018-1000222,alpine:v3.10,2.2.5-r1,alpine
4926,4926,gd,CVE-2019-6978,alpine:v3.10,2.2.5-r2,alpine
4927,4927,gd,CVE-2019-6977,alpine:v3.10,2.2.5-r2,alpine
4942,4942,gd,CVE-2017-7890,alpine:v3.6,2.2.5-r0,alpine
4943,4943,gd,CVE-2017-6362,alpine:v3.6,2.2.5-r0,alpine
4946,4946,gd,CVE-2016-6912,alpine:v3.5,2.2.4-r0,alpine
4947,4947,gd,CVE-2016-10166,alpine:v3.5,2.2.4-r0,alpine
4949,4949,gd,CVE-2016-10168,alpine:v3.5,2.2.4-r0,alpine
4950,4950,gd,CVE-2016-6906,alpine:v3.5,2.2.4-r0,alpine
4951,4951,gd,CVE-2016-10167,alpine:v3.5,2.2.4-r0,alpine
4953,4953,gd,CVE-2016-9317,alpine:v3.5,2.2.4-r0,alpine
4955,4955,gd,CVE-2016-5116,alpine:v3.3,2.2.1-r2,alpine
4959,4959,gd,CVE-2016-6128,alpine:v3.3,2.2.1-r2,alpine
4960,4960,gd,CVE-2016-5766,alpine:v3.3,2.2.1-r2,alpine
4962,4962,gd,CVE-2015-8874,alpine:v3.3,2.2.1-r2,alpine
4963,4963,gd,CVE-2016-3074,alpine:v3.3,2.2.1-r2,alpine
4964,4964,gd,CVE-2016-6214,alpine:v3.3,2.2.1-r2,alpine
4965,4965,gd,CVE-2016-6161,alpine:v3.3,2.2.1-r2,alpine
4969,4969,gd,CVE-2016-7568,alpine:v3.4,2.2.3-r1,alpine
4976,4976,gd,CVE-2016-6132,alpine:v3.4,2.2.3-r0,alpine
4977,4977,gd,CVE-2016-5767,alpine:v3.4,2.2.2-r0,alpine
4980,4980,gd,CVE-2016-6207,alpine:v3.4,2.2.3-r0,alpine
4985,4985,gd,ELSA-2010-0003,oracle:5,0:2.0.33-9.4.el5_4.2,oracle
4986,4986,gd,ELSA-2008-0146,oracle:5,0:2.0.33-9.4.el5_1.1,oracle
4987,4987,gd,RHSA-2008:0146,centos:5,0:2.0.33-9.4.el5_1.1,centos
4988,4988,gd,RHSA-2010:0003,centos:5,0:2.0.33-9.4.el5_4.2,centos
4989,4989,postgresql,CVE-2017-7548,alpine:v3.10,9.6.4-r0,alpine
4990,4990,postgresql,CVE-2019-10164,alpine:v3.10,11.4-r0,alpine
4991,4991,postgresql,CVE-2018-10925,alpine:v3.10,10.5-r0,alpine
4992,4992,postgresql,CVE-2019-10129,alpine:v3.10,11.3-r0,alpine
4993,4993,postgresql,CVE-2018-1058,alpine:v3.10,10.3-r0,alpine
4994,4994,postgresql,CVE-2017-15099,alpine:v3.10,10.1-r0,alpine
4995,4995,postgresql,CVE-2017-15098,alpine:v3.10,10.1-r0,alpine
4996,4996,postgresql,CVE-2018-1052,alpine:v3.10,10.2-r0,alpine
4997,4997,postgresql,CVE-2017-7547,alpine:v3.10,9.6.4-r0,alpine
4998,4998,postgresql,CVE-2017-7485,alpine:v3.10,9.6.3-r0,alpine
4999,4999,postgresql,CVE-2018-16850,alpine:v3.10,11.1-r0,alpine
5000,5000,postgresql,CVE-2018-10915,alpine:v3.10,10.5-r0,alpine
5001,5001,postgresql,CVE-2018-1053,alpine:v3.10,10.2-r0,alpine
5002,5002,postgresql,CVE-2017-7546,alpine:v3.10,9.6.4-r0,alpine
5003,5003,postgresql,CVE-2017-7486,alpine:v3.10,9.6.3-r0,alpine
5004,5004,postgresql,CVE-2017-7484,alpine:v3.10,9.6.3-r0,alpine
5005,5005,postgresql,CVE-2018-1115,alpine:v3.10,10.4-r0,alpine
5006,5006,postgresql,CVE-2019-10130,alpine:v3.10,11.3-r0,alpine
5103,5103,postgresql,ELSA-2015-1194,oracle:7,0:9.2.13-1.el7_1,oracle
5104,5104,postgresql,ELSA-2015-0750,oracle:7,0:9.2.10-2.el7_1,oracle
5105,5105,postgresql,ELSA-2015-2078,oracle:7,0:9.2.14-1.el7_1,oracle
5106,5106,postgresql,ELSA-2017-1983,oracle:7,0:9.2.21-1.el7,oracle
5107,5107,postgresql,ELSA-2017-3402,oracle:7,0:9.2.23-3.el7_4,oracle
5108,5108,postgresql,ELSA-2016-0346,oracle:7,0:9.2.15-1.el7_2,oracle
5109,5109,postgresql,ELSA-2018-2557,oracle:7,0:9.2.24-1.el7_5,oracle
5110,5110,postgresql,ELSA-2017-2728,oracle:7,0:9.2.23-1.el7_4,oracle
5111,5111,postgresql,ELSA-2016-2606,oracle:7,0:9.2.18-1.el7,oracle
5112,5112,postgresql,ELSA-2017-2860,oracle:6,0:8.4.20-8.el6_9,oracle
5113,5113,postgresql,ELSA-2016-0347,oracle:6,0:8.4.20-5.el6_7,oracle
5115,5115,postgresql,ELSA-2011-0197,oracle:6,0:8.4.7-1.el6_0.1,oracle
5116,5116,postgresql,ELSA-2013-1475,oracle:6,0:8.4.18-1.el6_4,oracle
5117,5117,postgresql,ELSA-2014-0211,oracle:6,0:8.4.20-1.el6_5,oracle
5118,5118,postgresql,ELSA-2015-2081,oracle:6,0:8.4.20-4.el6_7,oracle
5119,5119,postgresql,ELSA-2012-1037,oracle:6,0:8.4.12-1.el6_2,oracle
5120,5120,postgresql,ELSA-2011-1377,oracle:6,0:8.4.9-1.el6_1.1,oracle
5121,5121,postgresql,ELSA-2012-0678,oracle:6,0:8.4.11-1.el6_2,oracle
5123,5123,postgresql,ELSA-2012-1263,oracle:6,0:8.4.13-1.el6_3,oracle
5125,5125,postgresql,ELSA-2009-1484,oracle:5,0:8.1.18-2.el5_4.1,oracle
5127,5127,postgresql,ELSA-2014-0249,oracle:5,0:8.1.23-10.el5_10,oracle
5128,5128,postgresql,ELSA-2012-1036,oracle:5,0:8.1.23-5.el5_8,oracle
5129,5129,postgresql,ELSA-2010-0742,oracle:5,0:8.1.22-1.el5_5.1,oracle
5130,5130,postgresql,ELSA-2012-0677,oracle:5,0:8.1.23-4.el5_8,oracle
5131,5131,postgresql,ELSA-2010-0429,oracle:5,0:8.1.21-1.el5_5.1,oracle
5132,5132,postgresql,ELSA-2007-0336,oracle:5,0:8.1.9-1.el5,oracle
5133,5133,postgresql,ELSA-2008-0038,oracle:5,0:8.1.11-1.el5_1.1,oracle
5134,5134,postgresql,ELSA-2012-1264,oracle:5,0:8.1.23-6.el5_8,oracle
5135,5135,postgresql,RHSA-2007:0068,centos:5,0:8.1.8-1.el5,centos
5136,5136,postgresql,RHSA-2012:0677,centos:5,0:8.1.23-4.el5_8,centos
5137,5137,postgresql,RHSA-2011:0197,centos:5,0:8.1.23-1.el5_6.1,centos
5138,5138,postgresql,RHSA-2011:1377,centos:5,0:8.1.23-1.el5_7.2,centos
5139,5139,postgresql,RHSA-2008:0038,centos:5,0:8.1.11-1.el5_1.1,centos
5140,5140,postgresql,RHSA-2010:0742,centos:5,0:8.1.22-1.el5_5.1,centos
5141,5141,postgresql,RHSA-2014:0249,centos:5,0:8.1.23-10.el5_10,centos
5142,5142,postgresql,RHSA-2012:1264,centos:5,0:8.1.23-6.el5_8,centos
5143,5143,postgresql,RHSA-2007:0336,centos:5,0:8.1.9-1.el5,centos
5144,5144,postgresql,RHSA-2012:1036,centos:5,0:8.1.23-5.el5_8,centos
5145,5145,postgresql,RHSA-2009:1484,centos:5,0:8.1.18-2.el5_4.1,centos
5146,5146,postgresql,RHSA-2010:0429,centos:5,0:8.1.21-1.el5_5.1,centos
5148,5148,postgresql,RHSA-2012:0678,centos:6,0:8.4.11-1.el6_2,centos
5149,5149,postgresql,RHSA-2012:1263,centos:6,0:8.4.13-1.el6_3,centos
5150,5150,postgresql,RHSA-2016:0347,centos:6,0:8.4.20-5.el6_7,centos
5151,5151,postgresql,RHSA-2014:0211,centos:6,0:8.4.20-1.el6_5,centos
5152,5152,postgresql,RHSA-2013:1475,centos:6,0:8.4.18-1.el6_4,centos
5153,5153,postgresql,RHSA-2015:1194,centos:6,0:8.4.20-3.el6_6,centos
5154,5154,postgresql,RHSA-2015:2081,centos:6,0:8.4.20-4.el6_7,centos
5155,5155,postgresql,RHSA-2010:0908,centos:6,0:8.4.5-1.el6_0.2,centos
5156,5156,postgresql,RHSA-2017:2860,centos:6,0:8.4.20-8.el6_9,centos
5157,5157,postgresql,RHSA-2012:1037,centos:6,0:8.4.12-1.el6_2,centos
5158,5158,postgresql,RHSA-2015:0750,centos:6,0:8.4.20-2.el6_6,centos
5160,5160,postgresql,RHSA-2016:2606,centos:7,0:9.2.18-1.el7,centos
5161,5161,postgresql,RHSA-2017:2728,centos:7,0:9.2.23-1.el7_4,centos
5163,5163,postgresql,RHSA-2018:2557,centos:7,0:9.2.24-1.el7_5,centos
5165,5165,postgresql,RHSA-2016:0346,centos:7,0:9.2.15-1.el7_2,centos
5166,5166,postgresql,RHSA-2017:1983,centos:7,0:9.2.21-1.el7,centos
5167,5167,postgresql,RHSA-2015:2078,centos:7,0:9.2.14-1.el7_1,centos
5168,5168,postgresql,RHSA-2017:3402,centos:7,0:9.2.23-3.el7_4,centos
5169,5169,pwgen,CVE-2013-4442,debian:unstable,2.07-1,debian
5170,5170,pwgen,CVE-2013-4440,debian:unstable,2.07-1,debian
5171,5171,pwgen,CVE-2013-4441,debian:unstable,#MAXV#,debian
5183,5183,gettext,CVE-2018-18751,debian:unstable,0.19.8.1-9,debian
5184,5184,gettext,CVE-2004-0966,debian:unstable,0.14.1-6,debian
5196,5196,findutils,CVE-2007-2452,debian:unstable,4.2.31-1,debian
5200,5200,patch,CVE-2019-13636,alpine:v3.9,2.7.6-r5,alpine
5201,5201,patch,CVE-2018-6951,alpine:v3.9,2.7.6-r2,alpine
5202,5202,patch,CVE-2018-6952,alpine:v3.9,2.7.6-r4,alpine
5207,5207,patch,CVE-2016-10713,alpine:v3.6,2.7.5-r3,alpine
5216,5216,patch,CVE-2015-1416,debian:unstable,2.5-1,debian
5217,5217,patch,CVE-2010-4651,debian:unstable,#MAXV#,debian
5220,5220,patch,CVE-2019-13638,debian:unstable,2.7.6-5,debian
5221,5221,patch,CVE-2014-9637,debian:unstable,2.7.1-7,debian
5223,5223,patch,CVE-2015-1395,debian:unstable,2.7.3-1,debian
5224,5224,patch,CVE-2015-1396,debian:unstable,2.7.3-1,debian
5225,5225,patch,CVE-2015-1196,debian:unstable,2.7.1-7,debian
5227,5227,patch,CVE-2018-1000156,debian:unstable,2.7.6-2,debian
5228,5228,patch,CVE-2018-20969,debian:unstable,2.7.6-5,debian
5306,5306,patch,ELSA-2019-2033,oracle:7,0:2.7.1-11.el7,oracle
5307,5307,patch,ELSA-2018-1200,oracle:7,0:2.7.1-10.el7_5,oracle
5308,5308,patch,ELSA-2018-1199,oracle:6,0:2.6-8.el6_9,oracle
5309,5309,patch,RHSA-2019:2033,centos:7,0:2.7.1-11.el7,centos
5310,5310,patch,RHSA-2018:1200,centos:7,0:2.7.1-10.el7_5,centos
5311,5311,patch,RHSA-2019:2964,centos:7,0:2.7.1-12.el7_7,centos
5312,5312,patch,RHSA-2018:1199,centos:6,0:2.6-8.el6_9,centos
5313,5313,patch,RHSA-2019:2798,centos:8,0:2.7.6-9.el8_0,centos
5314,5314,bzip2,CVE-2019-12900,alpine:v3.9,1.0.6-r7,alpine
5315,5315,bzip2,CVE-2016-3189,alpine:v3.9,1.0.6-r5,alpine
5325,5325,bzip2,CVE-2005-1260,debian:10,1.0.2-7,debian
5326,5326,bzip2,CVE-2005-0953,debian:10,1.0.2-6,debian
5328,5328,bzip2,CVE-2010-0405,debian:10,1.0.5-6,debian
5329,5329,bzip2,CVE-2005-0758,debian:10,1.0.2-8.1,debian
5330,5330,bzip2,CVE-2011-4089,debian:10,1.0.6-1,debian
5331,5331,bzip2,CVE-2008-1372,debian:10,1.0.5-0.1,debian
5370,5370,bzip2,ELSA-2010-0858,oracle:6,0:1.0.5-7.el6_0,oracle
5371,5371,bzip2,ELSA-2010-0703,oracle:5,0:1.0.3-6.el5_5,oracle
5372,5372,bzip2,ELSA-2008-0893,oracle:5,0:1.0.3-4.el5_2,oracle
5373,5373,bzip2,RHSA-2010:0703,centos:5,0:1.0.3-6.el5_5,centos
5374,5374,bzip2,RHSA-2008:0893,centos:5,0:1.0.3-4.el5_2,centos
5375,5375,bzip2,RHSA-2010:0858,centos:6,0:1.0.5-7.el6_0,centos
5376,5376,flex,CVE-2016-6354,alpine:v3.3,2.5.39-r3,alpine
5378,5378,flex,CVE-2010-0634,debian:unstable,2.5.35-1,debian
5379,5379,flex,CVE-2006-0459,debian:unstable,2.5.33-1,debian
5380,5380,flex,CVE-2019-6293,debian:unstable,#MAXV#,debian
5397,5397,dirmngr,CVE-2011-2207,debian:8,#MAXV#,debian
5398,5398,go,CVE-2019-6486,alpine:v3.10,1.11.5-r0,alpine
5399,5399,go,CVE-2018-6574,alpine:v3.10,1.9.4-r0,alpine
5405,5405,ruby,CVE-2017-0901,alpine:v3.10,2.4.2-r0,alpine
5406,5406,ruby,CVE-2018-8780,alpine:v3.10,2.5.1-r0,alpine
5407,5407,ruby,CVE-2017-0898,alpine:v3.10,2.4.2-r0,alpine
5408,5408,ruby,CVE-2017-0902,alpine:v3.10,2.4.2-r0,alpine
5409,5409,ruby,CVE-2018-8779,alpine:v3.10,2.5.1-r0,alpine
5410,5410,ruby,CVE-2018-6914,alpine:v3.10,2.5.1-r0,alpine
5411,5411,ruby,CVE-2017-17405,alpine:v3.10,2.4.3-r0,alpine
5412,5412,ruby,CVE-2017-14033,alpine:v3.10,2.4.2-r0,alpine
5413,5413,ruby,CVE-2018-16395,alpine:v3.10,2.5.2-r0,alpine
5414,5414,ruby,CVE-2017-0899,alpine:v3.10,2.4.2-r0,alpine
5415,5415,ruby,CVE-2017-17742,alpine:v3.10,2.5.1-r0,alpine
5416,5416,ruby,CVE-2018-8778,alpine:v3.10,2.5.1-r0,alpine
5417,5417,ruby,CVE-2017-10784,alpine:v3.10,2.4.2-r0,alpine
5418,5418,ruby,CVE-2018-8777,alpine:v3.10,2.5.1-r0,alpine
5419,5419,ruby,CVE-2017-0900,alpine:v3.10,2.4.2-r0,alpine
5420,5420,ruby,CVE-2017-14064,alpine:v3.10,2.4.2-r0,alpine
5421,5421,ruby,CVE-2018-16396,alpine:v3.10,2.5.2-r0,alpine
5431,5431,ruby,CVE-2019-8323,alpine:v3.9,2.5.5-r0,alpine
5433,5433,ruby,CVE-2019-8321,alpine:v3.9,2.5.5-r0,alpine
5435,5435,ruby,CVE-2019-8325,alpine:v3.9,2.5.5-r0,alpine
5437,5437,ruby,CVE-2019-8322,alpine:v3.9,2.5.5-r0,alpine
5439,5439,ruby,CVE-2019-8324,alpine:v3.9,2.5.5-r0,alpine
5443,5443,ruby,CVE-2019-8320,alpine:v3.9,2.5.5-r0,alpine
5550,5550,ruby,ELSA-2019-2028,oracle:7,0:2.0.0.648-36.el7,oracle
5551,5551,ruby,ELSA-2014-1912,oracle:7,0:2.0.0.353-22.el7_0,oracle
5552,5552,ruby,ELSA-2018-0378,oracle:7,0:2.0.0.648-33.el7_4,oracle
5553,5553,ruby,ELSA-2018-3738,oracle:7,0:2.0.0.648-34.el7_6,oracle
5554,5554,ruby,ELSA-2019-1235,oracle:7,0:2.0.0.648-35.el7_6,oracle
5555,5555,ruby,ELSA-2013-1090,oracle:6,0:1.8.7.352-12.el6_4,oracle
5556,5556,ruby,ELSA-2013-0612,oracle:6,0:1.8.7.352-10.el6_4,oracle
5557,5557,ruby,ELSA-2011-0910,oracle:6,0:1.8.7.299-7.el6_1.1,oracle
5558,5558,ruby,ELSA-2014-1911,oracle:6,0:1.8.7.374-3.el6_6,oracle
5559,5559,ruby,ELSA-2011-1581,oracle:6,0:1.8.7.352-3.el6,oracle
5560,5560,ruby,ELSA-2012-0069,oracle:6,0:1.8.7.352-4.el6_2,oracle
5561,5561,ruby,ELSA-2013-1764,oracle:6,0:1.8.7.352-13.el6,oracle
5562,5562,ruby,ELSA-2012-0070,oracle:5,0:1.8.5-22.el5_7.1,oracle
5564,5564,ruby,ELSA-2013-0129,oracle:5,0:1.8.5-27.el5,oracle
5565,5565,ruby,ELSA-2008-0981,oracle:5,0:1.8.5-5.el5_2.6,oracle
5566,5566,ruby,ELSA-2007-0965,oracle:5,0:1.8.5-5.el5_1.1,oracle
5567,5567,ruby,ELSA-2013-0611,oracle:5,0:1.8.5-29.el5_9,oracle
5568,5568,ruby,ELSA-2011-0909,oracle:5,0:1.8.5-19.el5_6.1,oracle
5569,5569,ruby,ELSA-2008-0561,oracle:5,0:1.8.5-5.el5_2.3,oracle
5570,5570,ruby,ELSA-2009-1140,oracle:5,0:1.8.5-5.el5_3.7,oracle
5571,5571,ruby,ELSA-2008-0897,oracle:5,0:1.8.5-5.el5_2.5,oracle
5572,5572,ruby,ELSA-2019-1972,oracle:8,0:2.5.3-104.module+el8.0.0+5238+4f9ac61b,oracle
5573,5573,ruby,RHSA-2011:0909,centos:5,0:1.8.5-19.el5_6.1,centos
5574,5574,ruby,RHSA-2008:0561,centos:5,0:1.8.5-5.el5_2.3,centos
5575,5575,ruby,RHSA-2013:1090,centos:5,0:1.8.5-31.el5_9,centos
5576,5576,ruby,RHSA-2013:0611,centos:5,0:1.8.5-29.el5_9,centos
5577,5577,ruby,RHSA-2007:0965,centos:5,0:1.8.5-5.el5_1.1,centos
5578,5578,ruby,RHSA-2012:0070,centos:5,0:1.8.5-22.el5_7.1,centos
5579,5579,ruby,RHSA-2009:1140,centos:5,0:1.8.5-5.el5_3.7,centos
5580,5580,ruby,RHSA-2008:0897,centos:5,0:1.8.5-5.el5_2.5,centos
5581,5581,ruby,RHSA-2008:0981,centos:5,0:1.8.5-5.el5_2.6,centos
5582,5582,ruby,RHSA-2013:0129,centos:5,0:1.8.5-27.el5,centos
5584,5584,ruby,RHSA-2011:1581,centos:6,0:1.8.7.352-3.el6,centos
5585,5585,ruby,RHSA-2014:1911,centos:6,0:1.8.7.374-3.el6_6,centos
5586,5586,ruby,RHSA-2013:0612,centos:6,0:1.8.7.352-10.el6_4,centos
5587,5587,ruby,RHSA-2012:0069,centos:6,0:1.8.7.352-4.el6_2,centos
5588,5588,ruby,RHSA-2013:1764,centos:6,0:1.8.7.352-13.el6,centos
5589,5589,ruby,RHSA-2011:0910,centos:6,0:1.8.7.299-7.el6_1.1,centos
5590,5590,ruby,RHSA-2019:2028,centos:7,0:2.0.0.648-36.el7,centos
5591,5591,ruby,RHSA-2018:0378,centos:7,0:2.0.0.648-33.el7_4,centos
5592,5592,ruby,RHSA-2018:3738,centos:7,0:2.0.0.648-34.el7_6,centos
5593,5593,ruby,RHSA-2019:1235,centos:7,0:2.0.0.648-35.el7_6,centos
5594,5594,ruby,RHSA-2014:1912,centos:7,0:2.0.0.353-22.el7_0,centos
5595,5595,ruby,RHSA-2019:1972,centos:8,0:2.5.3-104.module+el8.0.0+3250+4b7d6d43,centos
5596,5596,exif,CVE-2012-2845,debian:unstable,0.6.20-2,debian
5600,5600,net-tools,CVE-2002-1976,debian:unstable,#MAXV#,debian
5604,5604,curl,CVE-2014-0138,alpine:v3.10,7.36.0,alpine
5605,5605,curl,CVE-2019-3823,alpine:v3.10,7.64.0-r0,alpine
5606,5606,curl,CVE-2018-0500,alpine:v3.10,7.61.0-r0,alpine
5607,5607,curl,CVE-2017-2629,alpine:v3.10,7.53.0,alpine
5608,5608,curl,CVE-2016-8615,alpine:v3.10,7.51.0,alpine
5609,5609,curl,CVE-2019-5436,alpine:v3.10,7.65.0-r0,alpine
5610,5610,curl,CVE-2018-16842,alpine:v3.10,7.62.0-r0,alpine
5611,5611,curl,CVE-2019-5435,alpine:v3.10,7.65.0-r0,alpine
5612,5612,curl,CVE-2016-7141,alpine:v3.10,7.50.2,alpine
5613,5613,curl,CVE-2018-14618,alpine:v3.10,7.61.1-r0,alpine
5614,5614,curl,CVE-2017-1000099,alpine:v3.10,7.55.0-r0,alpine
5615,5615,curl,CVE-2017-7407,alpine:v3.10,7.53.1-r2,alpine
5616,5616,curl,CVE-2014-0139,alpine:v3.10,7.36.0,alpine
5617,5617,curl,CVE-2018-16890,alpine:v3.10,7.64.0-r0,alpine
5618,5618,curl,CVE-2017-8816,alpine:v3.10,7.57.0-r0,alpine
5619,5619,curl,CVE-2016-7167,alpine:v3.10,7.50.3,alpine
5620,5620,curl,CVE-2018-1000301,alpine:v3.10,7.60.0-r0,alpine
5621,5621,curl,CVE-2016-8625,alpine:v3.10,7.51.0,alpine
5622,5622,curl,CVE-2016-8618,alpine:v3.10,7.51.0,alpine
5623,5623,curl,CVE-2016-8624,alpine:v3.10,7.51.0,alpine
5624,5624,curl,CVE-2018-16840,alpine:v3.10,7.62.0-r0,alpine
5625,5625,curl,CVE-2016-8619,alpine:v3.10,7.51.0,alpine
5626,5626,curl,CVE-2018-1000300,alpine:v3.10,7.60.0-r0,alpine
5627,5627,curl,CVE-2016-8616,alpine:v3.10,7.51.0,alpine
5628,5628,curl,CVE-2016-8620,alpine:v3.10,7.51.0,alpine
5629,5629,curl,CVE-2017-1000101,alpine:v3.10,7.55.0-r0,alpine
5630,5630,curl,CVE-2019-3822,alpine:v3.10,7.64.0-r0,alpine
5631,5631,curl,CVE-2018-16839,alpine:v3.10,7.62.0-r0,alpine
5632,5632,curl,CVE-2018-1000122,alpine:v3.10,7.59.0-r0,alpine
5633,5633,curl,CVE-2016-5419,alpine:v3.10,7.50.1,alpine
5634,5634,curl,CVE-2016-8617,alpine:v3.10,7.51.0,alpine
5635,5635,curl,CVE-2016-5421,alpine:v3.10,7.50.1,alpine
5636,5636,curl,CVE-2017-7468,alpine:v3.10,7.54.0-r0,alpine
5637,5637,curl,CVE-2017-8817,alpine:v3.10,7.57.0-r0,alpine
5638,5638,curl,CVE-2017-8818,alpine:v3.10,7.57.0-r0,alpine
5639,5639,curl,CVE-2016-9594,alpine:v3.10,7.52.1,alpine
5640,5640,curl,CVE-2017-1000100,alpine:v3.10,7.55.0-r0,alpine
5641,5641,curl,CVE-2016-8623,alpine:v3.10,7.51.0,alpine
5642,5642,curl,CVE-2016-5420,alpine:v3.10,7.50.1,alpine
5643,5643,curl,CVE-2018-1000121,alpine:v3.10,7.59.0-r0,alpine
5644,5644,curl,CVE-2017-1000257,alpine:v3.10,7.56.1-r0,alpine
5645,5645,curl,CVE-2016-8621,alpine:v3.10,7.51.0,alpine
5646,5646,curl,CVE-2016-8622,alpine:v3.10,7.51.0,alpine
5647,5647,curl,CVE-2018-1000120,alpine:v3.10,7.59.0-r0,alpine
5658,5658,curl,CVE-2018-16980,alpine:v3.9,7.64.0-r0,alpine
5716,5716,curl,CVE-2018-1000005,alpine:v3.7,7.58.0-r0,alpine
5779,5779,curl,CVE-2016-9953,alpine:v3.3,7.52.1-r0,alpine
5793,5793,curl,CVE-2017-1000254,alpine:v3.3,7.55.0-r1,alpine
5796,5796,curl,CVE-2016-9586,alpine:v3.3,7.52.1-r0,alpine
5799,5799,curl,CVE-2016-9952,alpine:v3.3,7.52.1-r0,alpine
5930,5930,curl,CVE-2015-3148,debian:10,7.42.0-1,debian
5932,5932,curl,CVE-2010-0734,debian:10,7.20.0-1,debian
5940,5940,curl,CVE-2014-8150,debian:10,7.38.0-4,debian
5944,5944,curl,CVE-2013-2174,debian:10,7.31.0-1,debian
5948,5948,curl,CVE-2013-1944,debian:10,7.29.0-2.1,debian
5949,5949,curl,CVE-2003-1605,debian:10,7.10.7-1,debian
5952,5952,curl,CVE-2014-3613,debian:10,7.38.0-1,debian
5953,5953,curl,CVE-2009-2417,debian:10,7.19.5-1.1,debian
5955,5955,curl,CVE-2015-3153,debian:10,7.42.1-1,debian
5957,5957,curl,CVE-2015-3145,debian:10,7.42.0-1,debian
5959,5959,curl,CVE-2005-4077,debian:10,7.15.1-1,debian
5961,5961,curl,CVE-2013-4545,debian:10,7.33.0-1,debian
5963,5963,curl,CVE-2018-1000007,debian:10,7.58.0-1,debian
5971,5971,curl,CVE-2014-0015,debian:10,7.35.0-1,debian
5975,5975,curl,CVE-2005-0490,debian:10,7.13.0-2,debian
5977,5977,curl,CVE-2016-0755,debian:10,7.47.0-1,debian
5978,5978,curl,CVE-2011-3389,debian:10,7.24.0-1,debian
5979,5979,curl,CVE-2015-3236,debian:10,7.43.0-1,debian
5980,5980,curl,CVE-2012-0036,debian:10,7.24.0-1,debian
5982,5982,curl,CVE-2014-3620,debian:10,7.38.0-1,debian
5984,5984,curl,CVE-2007-3564,debian:10,7.16.4-1,debian
5985,5985,curl,CVE-2011-2192,debian:10,7.21.6-2,debian
5986,5986,curl,CVE-2015-3237,debian:10,7.43.0-1,debian
5988,5988,curl,CVE-2013-6422,debian:10,7.34.0-1,debian
5989,5989,curl,CVE-2015-3144,debian:10,7.42.0-1,debian
5990,5990,curl,CVE-2014-3707,debian:10,7.38.0-3,debian
5994,5994,curl,CVE-2015-3143,debian:10,7.42.0-1,debian
5995,5995,curl,CVE-2009-0037,debian:10,7.18.2-8.1,debian
5996,5996,curl,CVE-2005-3185,debian:10,7.15.0-1,debian
5997,5997,curl,CVE-2016-3739,debian:10,7.50.1-1,debian
5999,5999,curl,CVE-2006-1061,debian:10,7.15.3-1,debian
6000,6000,curl,CVE-2013-0249,debian:10,7.29.0-1,debian
6002,6002,curl,CVE-2019-5482,debian:10,#MAXV#,debian
6003,6003,curl,CVE-2019-5481,debian:10,#MAXV#,debian
6491,6491,curl,ELSA-2019-2181,oracle:7,0:7.29.0-54.0.1.el7,oracle
6492,6492,curl,ELSA-2019-4652,oracle:7,0:7.29.0-51.0.1.el7,oracle
6493,6493,curl,ELSA-2017-3263,oracle:7,0:7.29.0-42.el7_4.1,oracle
6494,6494,curl,ELSA-2016-2575,oracle:7,0:7.29.0-35.el7,oracle
6495,6495,curl,ELSA-2015-2159,oracle:7,0:7.29.0-25.0.1.el7,oracle
6496,6496,curl,ELSA-2018-3157,oracle:7,0:7.29.0-51.el7,oracle
6497,6497,curl,ELSA-2017-2016,oracle:7,0:7.29.0-42.el7,oracle
6498,6498,curl,ELSA-2019-1880,oracle:7,0:7.29.0-51.0.1.el7_6.3,oracle
6499,6499,curl,ELSA-2009-1209,oracle:5,0:7.15.5-2.1.el5_3.5,oracle
6500,6500,curl,ELSA-2013-0771,oracle:5,0:7.15.5-16.el5_9,oracle
6501,6501,curl,ELSA-2011-0918,oracle:5,0:7.15.5-9.el5_6.3,oracle
6502,6502,curl,ELSA-2013-0983,oracle:5,0:7.15.5-17.el5_9,oracle
6503,6503,curl,ELSA-2009-0341,oracle:5,0:7.15.5-2.1.el5_3.4,oracle
6504,6504,curl,ELSA-2010-0273,oracle:5,0:7.15.5-9.el5,oracle
6505,6505,curl,ELSA-2015-1254,oracle:6,0:7.19.7-46.el6,oracle
6507,6507,curl,ELSA-2017-0847,oracle:6,0:7.19.7-53.el6_9,oracle
6510,6510,curl,ELSA-2014-0561,oracle:6,0:7.19.7-37.el6_5.3,oracle
6512,6512,curl,RHSA-2013:0771,centos:5,0:7.15.5-16.el5_9,centos
6513,6513,curl,RHSA-2013:0983,centos:5,0:7.15.5-17.el5_9,centos
6514,6514,curl,RHSA-2011:0918,centos:5,0:7.15.5-9.el5_6.3,centos
6515,6515,curl,RHSA-2009:1209,centos:5,0:7.15.5-2.1.el5_3.5,centos
6516,6516,curl,RHSA-2010:0273,centos:5,0:7.15.5-9.el5,centos
6517,6517,curl,RHSA-2009:0341,centos:5,0:7.15.5-2.1.el5_3.4,centos
6519,6519,curl,RHSA-2017:0847,centos:6,0:7.19.7-53.el6_9,centos
6521,6521,curl,RHSA-2014:0561,centos:6,0:7.19.7-37.el6_5.3,centos
6523,6523,curl,RHSA-2015:1254,centos:6,0:7.19.7-46.el6,centos
6524,6524,curl,RHSA-2016:2575,centos:7,0:7.29.0-35.el7,centos
6525,6525,curl,RHSA-2019:1880,centos:7,0:7.29.0-51.el7_6.3,centos
6526,6526,curl,RHSA-2017:2016,centos:7,0:7.29.0-42.el7,centos
6527,6527,curl,RHSA-2018:3157,centos:7,0:7.29.0-51.el7,centos
6528,6528,curl,RHSA-2019:2181,centos:7,0:7.29.0-54.el7,centos
6529,6529,curl,RHSA-2017:3263,centos:7,0:7.29.0-42.el7_4.1,centos
6530,6530,curl,RHSA-2015:2159,centos:7,0:7.29.0-25.el7,centos
6531,6531,grep,CVE-2015-1345,debian:unstable,2.20-4.1,debian
6532,6532,grep,CVE-2012-5667,debian:unstable,2.11-1,debian
6540,6540,grep,ELSA-2015-2111,oracle:7,0:2.20-2.el7,oracle
6541,6541,grep,ELSA-2015-1447,oracle:6,0:2.20-3.el6,oracle
6542,6542,grep,RHSA-2015:1447,centos:6,0:2.20-3.el6,centos
6543,6543,grep,RHSA-2015:2111,centos:7,0:2.20-2.el7,centos
6544,6544,libgcc,ELSA-2018-0849,oracle:7,0:4.8.5-28.0.1.el7,oracle
6545,6545,libgcc,ELSA-2011-0025,oracle:5,0:4.1.2-50.el5,oracle
6546,6546,libgcc,ELSA-2010-0039,oracle:5,0:4.1.2-46.el5_4.2,oracle
6547,6547,libgcc,RHSA-2011:0025,centos:5,0:4.1.2-50.el5,centos
6548,6548,libgcc,RHSA-2010:0039,centos:5,0:4.1.2-46.el5_4.2,centos
6549,6549,libgcc,RHSA-2018:0849,centos:7,0:4.8.5-28.el7,centos
6550,6550,bzr,CVE-2013-2099,debian:unstable,2.6.0~bzr6574-1,debian
6551,6551,bzr,CVE-2017-14176,debian:unstable,2.7.0+bzr6622-7,debian
6564,6564,runit,CVE-2006-1319,debian:unstable,1.4.1-1,debian
6568,6568,mercurial,CVE-2017-1000116,alpine:v3.4,4.3.1-r0,alpine
6569,6569,mercurial,CVE-2017-1000115,alpine:v3.4,4.3.1-r0,alpine
6570,6570,mercurial,CVE-2018-1000132,alpine:v3.6,4.5.2-r0,alpine
6573,6573,mercurial,CVE-2019-3902,alpine:v3.9,4.9-r0,alpine
6583,6583,mercurial,CVE-2014-9390,debian:10,3.1.2-2,debian
6584,6584,mercurial,CVE-2018-13346,debian:10,4.6.1-1,debian
6585,6585,mercurial,CVE-2016-3069,debian:10,3.7.3-1,debian
6586,6586,mercurial,CVE-2014-9462,debian:10,3.4-1,debian
6587,6587,mercurial,CVE-2018-13347,debian:10,4.6.1-1,debian
6588,6588,mercurial,CVE-2017-17458,debian:10,4.4.1-1,debian
6589,6589,mercurial,CVE-2018-13348,debian:10,4.6.1-1,debian
6590,6590,mercurial,CVE-2018-17983,debian:10,4.7.2-1,debian
6591,6591,mercurial,CVE-2016-3068,debian:10,3.7.3-1,debian
6592,6592,mercurial,CVE-2008-2942,debian:10,1.0.1-2,debian
6597,6597,mercurial,CVE-2016-3105,debian:10,3.8.1-1,debian
6598,6598,mercurial,CVE-2017-9462,debian:10,4.3.1-1,debian
6599,6599,mercurial,CVE-2016-3630,debian:10,3.7.3-1,debian
6600,6600,mercurial,CVE-2008-4297,debian:10,1.0.1-5.1,debian
6601,6601,mercurial,CVE-2010-4237,debian:10,1.6.4-1,debian
6697,6697,mercurial,ELSA-2017-2489,oracle:7,0:2.6.2-8.el7_4,oracle
6698,6698,mercurial,ELSA-2017-1576,oracle:7,0:2.6.2-7.el7_3,oracle
6699,6699,mercurial,ELSA-2019-2276,oracle:7,0:2.6.2-10.el7,oracle
6700,6700,mercurial,ELSA-2016-0706,oracle:7,0:2.6.2-6.el7_2,oracle
6702,6702,mercurial,RHSA-2017:2489,centos:7,0:2.6.2-8.el7_4,centos
6703,6703,mercurial,RHSA-2017:1576,centos:7,0:2.6.2-7.el7_3,centos
6704,6704,mercurial,RHSA-2016:0706,centos:7,0:2.6.2-6.el7_2,centos
6705,6705,mercurial,RHSA-2019:2276,centos:7,0:2.6.2-10.el7,centos
6707,6707,sysstat,CVE-2004-0107,debian:unstable,5.0.2-1,debian
6708,6708,sysstat,CVE-2004-0108,debian:unstable,5.0.2-1,debian
6709,6709,sysstat,CVE-2018-19416,debian:unstable,12.0.3-2,debian
6710,6710,sysstat,CVE-2018-19517,debian:unstable,12.0.3-2,debian
6711,6711,sysstat,CVE-2019-16167,debian:unstable,#MAXV#,debian
6723,6723,sysstat,ELSA-2011-1005,oracle:5,0:7.0.2-11.el5,oracle
6724,6724,sysstat,RHSA-2011:1005,centos:5,0:7.0.2-11.el5,centos
6725,6725,bash,CVE-2016-9401,alpine:v3.3,4.3.42-r5,alpine
6726,6726,bash,CVE-2016-0634,alpine:v3.8,4.4.12-r1,alpine
6732,6732,bash,CVE-2014-7169,debian:8,4.3-9.2,debian
6733,6733,bash,CVE-2014-7187,debian:8,4.3-9.2,debian
6734,6734,bash,CVE-2008-5374,debian:8,4.0-2,debian
6735,6735,bash,CVE-2012-3410,debian:8,4.2-4,debian
6736,6736,bash,CVE-2019-9924,debian:8,4.3-11+deb8u2,debian
6737,6737,bash,CVE-2014-6271,debian:8,4.3-9.1,debian
6740,6740,bash,CVE-2016-7543,debian:8,4.3-11+deb8u1,debian
6741,6741,bash,CVE-2014-6277,debian:8,4.3-9.2,debian
6742,6742,bash,CVE-2014-6278,debian:8,4.3-9.2,debian
6743,6743,bash,CVE-2014-7186,debian:8,4.3-9.2,debian
6744,6744,bash,CVE-2012-6711,debian:8,4.3-1,debian
6756,6756,bash,CVE-2017-5932,debian:10,4.4-3,debian
6822,6822,bash,ELSA-2011-1073,oracle:5,0:3.2-32.el5,oracle
6823,6823,bash,ELSA-2014-3094,oracle:5,0:3.2-33.el5_11.4.0.1,oracle
6824,6824,bash,ELSA-2014-1306,oracle:5,0:3.2-33.el5_11.4,oracle
6825,6825,bash,ELSA-2014-1293,oracle:5,0:3.2-33.el5.1,oracle
6826,6826,bash,ELSA-2014-3077,oracle:5,0:3.2-33.el5.1.0.1,oracle
6827,6827,bash,ELSA-2014-3093,oracle:6,0:4.1.2-29.el6.0.1,oracle
6828,6828,bash,ELSA-2014-3075,oracle:6,0:4.1.2-15.el6_5.1.0.1,oracle
6829,6829,bash,ELSA-2017-0725,oracle:6,0:4.1.2-48.el6,oracle
6832,6832,bash,ELSA-2017-1931,oracle:7,0:4.2.46-28.el7,oracle
6833,6833,bash,ELSA-2014-3092,oracle:7,0:4.2.45-5.el7_0.4.0.1,oracle
6834,6834,bash,ELSA-2014-3076,oracle:7,0:4.2.45-5.el7_0.2.0.1,oracle
6837,6837,bash,RHSA-2017:0725,centos:6,0:4.1.2-48.el6,centos
6838,6838,bash,RHSA-2014:1293,centos:6,0:4.1.2-15.el6_5.1,centos
6839,6839,bash,RHSA-2014:1306,centos:6,0:4.1.2-15.el6_5.2,centos
6842,6842,bash,RHSA-2017:1931,centos:7,0:4.2.46-28.el7,centos
6843,6843,bash,RHSA-2011:1073,centos:5,0:3.2-32.el5,centos
6846,6846,tk,ELSA-2008-0136,oracle:5,0:8.4.13-5.el5_1.1,oracle
6847,6847,tk,RHSA-2008:0136,centos:5,0:8.4.13-5.el5_1.1,centos
