index,Package,Vulnerability,OS,Package_Version,Severity_Level
0,yum-utils,CVE-2018-10897,debian:unstable,1.1.31-2.2,High
1,yum-utils,CVE-2018-10897,debian:8,#MAXV#,High
2,yum-utils,CVE-2018-10897,debian:10,1.1.31-2.2,High
3,yum-utils,CVE-2018-10897,debian:9,#MAXV#,High
4,yum-utils,ELSA-2018-2285,oracle:7,0:1.1.31-46.0.1.el7_5,High
5,yum-utils,ELSA-2018-2284,oracle:6,0:1.1.30-42.0.1.el6_10,High
6,yum-utils,RHSA-2018:2284,centos:6,0:1.1.30-42.el6_10,High
7,yum-utils,RHSA-2018:2285,centos:7,0:1.1.31-46.el7_5,High
8,openssl,CVE-2016-2179,alpine:v3.8,1.0.2h-r3,Medium
9,openssl,CVE-2016-6304,alpine:v3.8,1.0.2i-r0,High
10,openssl,CVE-2016-2105,alpine:v3.8,1.0.2h-r0,Medium
11,openssl,CVE-2016-6303,alpine:v3.8,1.0.2h-r3,High
12,openssl,CVE-2016-2182,alpine:v3.8,1.0.2h-r3,High
13,openssl,CVE-2016-2180,alpine:v3.8,1.0.2h-r2,Medium
14,openssl,CVE-2019-1559,alpine:v3.8,1.0.2r-r0,Medium
15,openssl,CVE-2018-0739,alpine:v3.8,1.0.2o-r0,Medium
16,openssl,CVE-2016-6306,alpine:v3.8,1.0.2i-r0,Medium
17,openssl,CVE-2016-2176,alpine:v3.8,1.0.2h-r0,Medium
18,openssl,CVE-2017-3736,alpine:v3.8,1.0.2m-r0,Medium
19,openssl,CVE-2017-3737,alpine:v3.8,1.0.2n-r0,Medium
20,openssl,CVE-2018-5407,alpine:v3.8,1.0.2q-r0,Low
21,openssl,CVE-2016-2106,alpine:v3.8,1.0.2h-r0,Medium
22,openssl,CVE-2016-2181,alpine:v3.8,1.0.2h-r4,Medium
23,openssl,CVE-2017-3735,alpine:v3.8,1.0.2m-r0,Medium
24,openssl,CVE-2016-2177,alpine:v3.8,1.0.2h-r1,High
25,openssl,CVE-2018-0732,alpine:v3.8,1.0.2o-r1,Medium
26,openssl,CVE-2016-2178,alpine:v3.8,1.0.2h-r1,Low
27,openssl,CVE-2018-0734,alpine:v3.8,1.0.2q-r0,Medium
28,openssl,CVE-2016-2183,alpine:v3.8,1.0.2i-r0,Medium
29,openssl,CVE-2016-6302,alpine:v3.8,1.0.2h-r3,Medium
30,openssl,CVE-2018-0737,alpine:v3.8,1.0.2o-r2,Medium
31,openssl,CVE-2016-2109,alpine:v3.8,1.0.2h-r0,High
32,openssl,CVE-2016-2107,alpine:v3.8,1.0.2h-r0,Low
33,openssl,CVE-2018-0733,alpine:v3.8,1.0.2o-r0,Medium
34,openssl,CVE-2017-3738,alpine:v3.8,1.0.2o-r0,Medium
35,openssl,CVE-2016-2176,alpine:v3.5,1.0.2h-r0,Medium
36,openssl,CVE-2018-0732,alpine:v3.5,1.0.2o-r1,Medium
37,openssl,CVE-2016-2180,alpine:v3.5,1.0.2h-r2,Medium
38,openssl,CVE-2018-0733,alpine:v3.5,1.0.2o-r0,Medium
39,openssl,CVE-2016-2182,alpine:v3.5,1.0.2h-r3,High
40,openssl,CVE-2016-2177,alpine:v3.5,1.0.2h-r1,High
41,openssl,CVE-2018-0734,alpine:v3.5,1.0.2q-r0,Medium
42,openssl,CVE-2016-2181,alpine:v3.5,1.0.2h-r4,Medium
43,openssl,CVE-2016-2106,alpine:v3.5,1.0.2h-r0,Medium
44,openssl,CVE-2017-3737,alpine:v3.5,1.0.2n-r0,Medium
45,openssl,CVE-2016-6306,alpine:v3.5,1.0.2i-r0,Medium
46,openssl,CVE-2016-2107,alpine:v3.5,1.0.2h-r0,Low
47,openssl,CVE-2016-2183,alpine:v3.5,1.0.2i-r0,Medium
48,openssl,CVE-2016-2178,alpine:v3.5,1.0.2h-r1,Low
49,openssl,CVE-2018-0737,alpine:v3.5,1.0.2o-r1,Medium
50,openssl,CVE-2018-0739,alpine:v3.5,1.0.2o-r0,Medium
51,openssl,CVE-2016-2109,alpine:v3.5,1.0.2h-r0,High
52,openssl,CVE-2016-2179,alpine:v3.5,1.0.2h-r3,Medium
53,openssl,CVE-2017-3735,alpine:v3.5,1.0.2m-r0,Medium
54,openssl,CVE-2016-2105,alpine:v3.5,1.0.2h-r0,Medium
55,openssl,CVE-2016-6302,alpine:v3.5,1.0.2h-r3,Medium
56,openssl,CVE-2018-5407,alpine:v3.5,1.0.2q-r0,Low
57,openssl,CVE-2016-6303,alpine:v3.5,1.0.2h-r3,High
58,openssl,CVE-2017-3738,alpine:v3.5,1.0.2n-r0,Medium
59,openssl,CVE-2016-6304,alpine:v3.5,1.0.2i-r0,High
60,openssl,CVE-2017-3736,alpine:v3.5,1.0.2m-r0,Medium
61,openssl,CVE-2018-0733,alpine:v3.4,1.0.2o-r0,Medium
62,openssl,CVE-2016-2183,alpine:v3.4,1.0.2i-r0,Medium
63,openssl,CVE-2018-5407,alpine:v3.4,1.0.2q-r0,Low
64,openssl,CVE-2016-2109,alpine:v3.4,1.0.2h-r0,High
65,openssl,CVE-2018-0739,alpine:v3.4,1.0.2o-r0,Medium
66,openssl,CVE-2017-3735,alpine:v3.4,1.0.2m-r0,Medium
67,openssl,CVE-2017-3732,alpine:v3.4,1.0.2k-r0,Medium
68,openssl,CVE-2017-3738,alpine:v3.4,1.0.2n-r0,Medium
69,openssl,CVE-2017-3731,alpine:v3.4,1.0.2k-r0,Medium
70,openssl,CVE-2016-2179,alpine:v3.4,1.0.2h-r3,Medium
71,openssl,CVE-2017-3736,alpine:v3.4,1.0.2m-r0,Medium
72,openssl,CVE-2016-2106,alpine:v3.4,1.0.2h-r0,Medium
73,openssl,CVE-2016-6304,alpine:v3.4,1.0.2i-r0,High
74,openssl,CVE-2018-0737,alpine:v3.4,1.0.2o-r2,Medium
75,openssl,CVE-2016-6306,alpine:v3.4,1.0.2i-r0,Medium
76,openssl,CVE-2017-3737,alpine:v3.4,1.0.2n-r0,Medium
77,openssl,CVE-2016-2178,alpine:v3.4,1.0.2h-r1,Low
78,openssl,CVE-2018-0732,alpine:v3.4,1.0.2o-r1,Medium
79,openssl,CVE-2016-7052,alpine:v3.4,1.0.2j-r0,Medium
80,openssl,CVE-2016-6302,alpine:v3.4,1.0.2h-r3,Medium
81,openssl,CVE-2018-0734,alpine:v3.4,1.0.2q-r0,Medium
82,openssl,CVE-2016-6303,alpine:v3.4,1.0.2h-r3,High
83,openssl,CVE-2016-2176,alpine:v3.4,1.0.2h-r0,Medium
84,openssl,CVE-2016-7055,alpine:v3.4,1.0.2k-r0,Low
85,openssl,CVE-2016-2182,alpine:v3.4,1.0.2h-r3,High
86,openssl,CVE-2016-2180,alpine:v3.4,1.0.2h-r2,Medium
87,openssl,CVE-2016-2181,alpine:v3.4,1.0.2h-r4,Medium
88,openssl,CVE-2016-2105,alpine:v3.4,1.0.2h-r0,Medium
89,openssl,CVE-2016-2177,alpine:v3.4,1.0.2h-r1,High
90,openssl,CVE-2016-2107,alpine:v3.4,1.0.2h-r0,Low
91,openssl,CVE-2016-2176,alpine:v3.7,1.0.2h-r0,Medium
92,openssl,CVE-2016-6302,alpine:v3.7,1.0.2h-r3,Medium
93,openssl,CVE-2017-3736,alpine:v3.7,1.0.2m-r0,Medium
94,openssl,CVE-2016-2179,alpine:v3.7,1.0.2h-r3,Medium
95,openssl,CVE-2016-6303,alpine:v3.7,1.0.2h-r3,High
96,openssl,CVE-2019-1559,alpine:v3.7,1.0.2r-r0,Medium
97,openssl,CVE-2016-2182,alpine:v3.7,1.0.2h-r3,High
98,openssl,CVE-2016-2107,alpine:v3.7,1.0.2h-r0,Low
99,openssl,CVE-2017-3737,alpine:v3.7,1.0.2n-r0,Medium
100,openssl,CVE-2018-0732,alpine:v3.7,1.0.2o-r1,Medium
101,openssl,CVE-2017-3738,alpine:v3.7,1.0.2n-r0,Medium
102,openssl,CVE-2018-0739,alpine:v3.7,1.0.2o-r0,Medium
103,openssl,CVE-2018-5407,alpine:v3.7,1.0.2q-r0,Low
104,openssl,CVE-2016-2178,alpine:v3.7,1.0.2h-r1,Low
105,openssl,CVE-2016-2181,alpine:v3.7,1.0.2h-r4,Medium
106,openssl,CVE-2017-3735,alpine:v3.7,1.0.2m-r0,Medium
107,openssl,CVE-2018-0734,alpine:v3.7,1.0.2q-r0,Medium
108,openssl,CVE-2018-0733,alpine:v3.7,1.0.2o-r0,Medium
109,openssl,CVE-2016-2177,alpine:v3.7,1.0.2h-r1,High
110,openssl,CVE-2016-6304,alpine:v3.7,1.0.2i-r0,High
111,openssl,CVE-2016-2180,alpine:v3.7,1.0.2h-r2,Medium
112,openssl,CVE-2016-2183,alpine:v3.7,1.0.2i-r0,Medium
113,openssl,CVE-2018-0737,alpine:v3.7,1.0.2o-r1,Medium
114,openssl,CVE-2016-2106,alpine:v3.7,1.0.2h-r0,Medium
115,openssl,CVE-2016-2109,alpine:v3.7,1.0.2h-r0,High
116,openssl,CVE-2016-2105,alpine:v3.7,1.0.2h-r0,Medium
117,openssl,CVE-2016-6306,alpine:v3.7,1.0.2i-r0,Medium
118,openssl,CVE-2016-2179,alpine:v3.6,1.0.2h-r3,Medium
119,openssl,CVE-2018-0732,alpine:v3.6,1.0.2o-r1,Medium
120,openssl,CVE-2016-2182,alpine:v3.6,1.0.2h-r3,High
121,openssl,CVE-2019-1559,alpine:v3.6,1.0.2r-r0,Medium
122,openssl,CVE-2016-2177,alpine:v3.6,1.0.2h-r1,High
123,openssl,CVE-2016-6304,alpine:v3.6,1.0.2i-r0,High
124,openssl,CVE-2016-2107,alpine:v3.6,1.0.2h-r0,Low
125,openssl,CVE-2016-6306,alpine:v3.6,1.0.2i-r0,Medium
126,openssl,CVE-2017-3735,alpine:v3.6,1.0.2m-r0,Medium
127,openssl,CVE-2016-2106,alpine:v3.6,1.0.2h-r0,Medium
128,openssl,CVE-2018-0737,alpine:v3.6,1.0.2o-r1,Medium
129,openssl,CVE-2016-2178,alpine:v3.6,1.0.2h-r1,Low
130,openssl,CVE-2018-0733,alpine:v3.6,1.0.2o-r0,Medium
131,openssl,CVE-2017-3736,alpine:v3.6,1.0.2m-r0,Medium
132,openssl,CVE-2016-6303,alpine:v3.6,1.0.2h-r3,High
133,openssl,CVE-2016-2181,alpine:v3.6,1.0.2h-r4,Medium
134,openssl,CVE-2018-0739,alpine:v3.6,1.0.2o-r0,Medium
135,openssl,CVE-2016-2180,alpine:v3.6,1.0.2h-r2,Medium
136,openssl,CVE-2016-2176,alpine:v3.6,1.0.2h-r0,Medium
137,openssl,CVE-2017-3738,alpine:v3.6,1.0.2n-r0,Medium
138,openssl,CVE-2016-2109,alpine:v3.6,1.0.2h-r0,High
139,openssl,CVE-2018-5407,alpine:v3.6,1.0.2q-r0,Low
140,openssl,CVE-2016-6302,alpine:v3.6,1.0.2h-r3,Medium
141,openssl,CVE-2016-2105,alpine:v3.6,1.0.2h-r0,Medium
142,openssl,CVE-2017-3737,alpine:v3.6,1.0.2n-r0,Medium
143,openssl,CVE-2018-0734,alpine:v3.6,1.0.2q-r0,Medium
144,openssl,CVE-2016-2183,alpine:v3.6,1.0.2i-r0,Medium
145,openssl,CVE-2016-2179,alpine:v3.3,1.0.2h-r3,Medium
146,openssl,CVE-2016-6303,alpine:v3.3,1.0.2h-r3,High
147,openssl,CVE-2016-7055,alpine:v3.3,1.0.2k-r0,Low
148,openssl,CVE-2016-2177,alpine:v3.3,1.0.2h-r1,High
149,openssl,CVE-2016-2182,alpine:v3.3,1.0.2h-r3,High
150,openssl,CVE-2016-2107,alpine:v3.3,1.0.2h-r0,Low
151,openssl,CVE-2016-2178,alpine:v3.3,1.0.2h-r1,Low
152,openssl,CVE-2016-2106,alpine:v3.3,1.0.2h-r0,Medium
153,openssl,CVE-2017-3735,alpine:v3.3,1.0.2m-r0,Medium
154,openssl,CVE-2016-2109,alpine:v3.3,1.0.2h-r0,High
155,openssl,CVE-2016-6306,alpine:v3.3,1.0.2i-r0,Medium
156,openssl,CVE-2016-2176,alpine:v3.3,1.0.2h-r0,Medium
157,openssl,CVE-2016-6302,alpine:v3.3,1.0.2h-r3,Medium
158,openssl,CVE-2016-2180,alpine:v3.3,1.0.2h-r2,Medium
159,openssl,CVE-2016-2105,alpine:v3.3,1.0.2h-r0,Medium
160,openssl,CVE-2016-2183,alpine:v3.3,1.0.2i-r0,Medium
161,openssl,CVE-2017-3732,alpine:v3.3,1.0.2k-r0,Medium
162,openssl,CVE-2016-2181,alpine:v3.3,1.0.2h-r4,Medium
163,openssl,CVE-2016-6304,alpine:v3.3,1.0.2i-r0,High
164,openssl,CVE-2017-3731,alpine:v3.3,1.0.2k-r0,Medium
165,openssl,CVE-2016-7052,alpine:v3.3,1.0.2j-r0,Medium
166,openssl,CVE-2017-3736,alpine:v3.3,1.0.2m-r0,Medium
167,openssl,CVE-2018-0734,alpine:v3.9,1.1.1a-r0,Medium
168,openssl,CVE-2019-1543,alpine:v3.9,1.1.1b-r1,Medium
169,openssl,CVE-2018-0735,alpine:v3.9,1.1.1a-r0,Medium
170,openssl,CVE-2018-0735,alpine:v3.10,1.1.1a-r0,Medium
171,openssl,CVE-2018-0734,alpine:v3.10,1.1.1a-r0,Medium
172,openssl,CVE-2019-1543,alpine:v3.10,1.1.1b-r1,Medium
173,openssl,CVE-2014-0224,debian:9,1.0.1h-1,Medium
174,openssl,CVE-2009-3555,debian:9,0.9.8k-6,Medium
175,openssl,CVE-2014-3572,debian:9,1.0.1k-1,Medium
176,openssl,CVE-2016-2182,debian:9,1.0.2i-1,High
177,openssl,CVE-2016-0701,debian:9,1.0.2f-2,Low
178,openssl,CVE-2005-2969,debian:9,0.9.8-3,Low
179,openssl,CVE-2011-0014,debian:9,0.9.8o-5,Low
180,openssl,CVE-2015-3193,debian:9,1.0.2e-1,Medium
181,openssl,CVE-2016-2179,debian:9,1.0.2i-1,Medium
182,openssl,CVE-2016-0703,debian:9,1.0.0c-2,Medium
183,openssl,CVE-2003-0545,debian:9,0.9.7c,High
184,openssl,CVE-2007-6755,debian:9,#MAXV#,Negligible
185,openssl,CVE-2009-4355,debian:9,0.9.8k-8,Low
186,openssl,CVE-2018-5407,debian:9,1.1.0j-1~deb9u1,Low
187,openssl,CVE-2016-7053,debian:9,1.1.0c-1,Medium
188,openssl,CVE-2016-0799,debian:9,1.0.2g-1,High
189,openssl,CVE-2002-0655,debian:9,0.9.6e-1,High
190,openssl,CVE-2006-2937,debian:9,0.9.8c-2,High
191,openssl,CVE-2008-0891,debian:9,0.9.8g-10.1,Medium
192,openssl,CVE-2019-1543,debian:9,1.1.0k-1~deb9u1,Medium
193,openssl,CVE-2016-2106,debian:9,1.0.2h-1,Medium
194,openssl,CVE-2016-7054,debian:9,1.1.0c-1,Medium
195,openssl,CVE-2014-3569,debian:9,1.0.1k-1,Medium
196,openssl,CVE-2016-6302,debian:9,1.0.2i-1,Medium
197,openssl,CVE-2017-3732,debian:9,1.1.0d-1,Medium
198,openssl,CVE-2003-0078,debian:9,0.9.7a-1,Medium
199,openssl,CVE-2011-5095,debian:9,0.9.8a-1,Medium
200,openssl,CVE-2014-3508,debian:9,1.0.1i-1,Medium
201,openssl,CVE-2006-4339,debian:9,0.9.8b-3,Medium
202,openssl,CVE-2015-7575,debian:9,1.0.1f-1,Medium
203,openssl,CVE-2014-5139,debian:9,1.0.1i-1,Medium
204,openssl,CVE-2005-2946,debian:9,0.9.8-1,Negligible
205,openssl,CVE-2012-2110,debian:9,1.0.1a-1,High
206,openssl,CVE-2014-0198,debian:9,1.0.1g-4,Medium
207,openssl,CVE-2014-3566,debian:9,1.0.1j-1,Medium
208,openssl,CVE-2008-1672,debian:9,0.9.8g-10.1,Medium
209,openssl,CVE-2003-0131,debian:9,0.9.7b-1,High
210,openssl,CVE-2014-3567,debian:9,1.0.1j-1,High
211,openssl,CVE-2016-2178,debian:9,1.0.2i-1,Low
212,openssl,CVE-2015-0292,debian:9,1.0.1h-1,High
213,openssl,CVE-2014-3505,debian:9,1.0.1i-1,Medium
214,openssl,CVE-2016-0705,debian:9,1.0.2g-1,High
215,openssl,CVE-2015-0209,debian:9,1.0.1k-2,Medium
216,openssl,CVE-2009-1386,debian:9,0.9.8k-1,Low
217,openssl,CVE-2006-2940,debian:9,0.9.8c-2,High
218,openssl,CVE-2015-0287,debian:9,1.0.1k-2,Medium
219,openssl,CVE-2011-4619,debian:9,1.0.0h-1,Medium
220,openssl,CVE-2010-0740,debian:9,0.9.8n-1,Medium
221,openssl,CVE-2018-0739,debian:9,1.1.0f-3+deb9u2,Medium
222,openssl,CVE-2013-6449,debian:9,1.0.1e-5,Medium
223,openssl,CVE-2015-1792,debian:9,1.0.2b-1,Medium
224,openssl,CVE-2010-5298,debian:9,1.0.1g-3,Negligible
225,openssl,CVE-2016-7055,debian:9,1.1.0c-1,Low
226,openssl,CVE-2014-3570,debian:9,1.0.1k-1,Medium
227,openssl,CVE-2015-0206,debian:9,1.0.1k-1,Medium
228,openssl,CVE-2016-6304,debian:9,1.0.2i-1,High
229,openssl,CVE-2007-3108,debian:9,0.9.8e-6,Low
230,openssl,CVE-2016-6303,debian:9,1.0.2i-1,High
231,openssl,CVE-2008-5077,debian:9,0.9.8g-15,Medium
232,openssl,CVE-2010-4180,debian:9,0.9.8o-4,Medium
233,openssl,CVE-2002-0659,debian:9,0.9.6e-1,Medium
234,openssl,CVE-2010-2939,debian:9,0.9.8o-2,Low
235,openssl,CVE-2013-0169,debian:9,1.0.1e-1,Low
236,openssl,CVE-2016-2109,debian:9,1.0.2h-1,High
237,openssl,CVE-2009-3245,debian:9,0.9.8m-1,Low
238,openssl,CVE-2015-3195,debian:9,1.0.2e-1,Medium
239,openssl,CVE-2017-3733,debian:9,1.1.0e-1,Medium
240,openssl,CVE-2006-4343,debian:9,0.9.8c-2,Medium
241,openssl,CVE-2018-0737,debian:9,1.1.0j-1~deb9u1,Medium
242,openssl,CVE-2004-0081,debian:9,0.9.6d-1,Medium
243,openssl,CVE-2012-0050,debian:9,1.0.0g-1,Medium
244,openssl,CVE-2015-1794,debian:9,1.0.2e-1,Medium
245,openssl,CVE-2016-6306,debian:9,1.0.2i-1,Medium
246,openssl,CVE-2012-1165,debian:9,1.0.0h-1,Low
247,openssl,CVE-2008-7270,debian:9,0.9.8k-1,Medium
248,openssl,CVE-2007-5135,debian:9,0.9.8e-9,Low
249,openssl,CVE-2015-0205,debian:9,1.0.1k-1,Medium
250,openssl,CVE-2014-3509,debian:9,1.0.1i-1,Medium
251,openssl,CVE-2018-0734,debian:9,1.1.0j-1~deb9u1,Medium
252,openssl,CVE-2007-4995,debian:9,0.9.8f-1,Low
253,openssl,CVE-2014-3510,debian:9,1.0.1i-1,Medium
254,openssl,CVE-2009-2409,debian:9,0.9.8k-4,Low
255,openssl,CVE-2016-0797,debian:9,1.0.2g-1,Medium
256,openssl,CVE-2010-0742,debian:9,1.0.0e-1,Negligible
257,openssl,CVE-2015-1791,debian:9,1.0.2b-1,Medium
258,openssl,CVE-2016-0704,debian:9,1.0.0c-2,Medium
259,openssl,CVE-2009-1377,debian:9,0.9.8k-1,Low
260,openssl,CVE-2016-2177,debian:9,1.0.2i-1,High
261,openssl,CVE-2017-3737,debian:9,1.1.0b-2,Medium
262,openssl,CVE-2003-0147,debian:9,0.9.7b-1,Medium
263,openssl,CVE-2002-0656,debian:9,0.9.6e-1,High
264,openssl,CVE-2012-0884,debian:9,1.0.0h-1,Low
265,openssl,CVE-2004-0975,debian:9,0.9.7e-3,Low
266,openssl,CVE-2014-3571,debian:9,1.0.1k-1,Medium
267,openssl,CVE-2015-0289,debian:9,1.0.1k-2,Medium
268,openssl,CVE-2013-0166,debian:9,1.0.1e-1,Medium
269,openssl,CVE-2009-5146,debian:9,0.9.8k-1,Unknown
270,openssl,CVE-2011-3207,debian:9,1.0.0e-1,Medium
271,openssl,CVE-2014-0076,debian:9,1.0.1g-1,Low
272,openssl,CVE-2017-3730,debian:9,1.1.0d-1,Medium
273,openssl,CVE-2013-4353,debian:9,1.0.1f-1,Medium
274,openssl,CVE-2015-0286,debian:9,1.0.1k-2,Medium
275,openssl,CVE-2015-4000,debian:9,1.0.2b-1,Medium
276,openssl,CVE-2010-0928,debian:9,#MAXV#,Negligible
277,openssl,CVE-2019-1559,debian:9,1.1.0b-2,Medium
278,openssl,CVE-2000-1254,debian:9,0.9.6-1,Medium
279,openssl,CVE-2018-0733,debian:9,1.1.0f-3+deb9u2,Medium
280,openssl,CVE-2009-1379,debian:9,0.9.8k-1,Low
281,openssl,CVE-2017-3738,debian:9,1.1.0f-3+deb9u2,Medium
282,openssl,CVE-2016-0702,debian:9,1.0.2g-1,Low
283,openssl,CVE-2015-0204,debian:9,1.0.1k-1,Medium
284,openssl,CVE-2012-2686,debian:9,1.0.1e-1,Medium
285,openssl,CVE-2016-8610,debian:9,1.0.2j-1,Medium
286,openssl,CVE-2015-1790,debian:9,1.0.2b-1,Medium
287,openssl,CVE-2009-1387,debian:9,0.9.8k-2,Low
288,openssl,CVE-2016-7056,debian:9,1.0.2a-1,Low
289,openssl,CVE-2016-2105,debian:9,1.0.2h-1,Medium
290,openssl,CVE-2012-4929,debian:9,1.0.1e-5,Low
291,openssl,CVE-2015-0288,debian:9,1.0.1k-2,Medium
292,openssl,CVE-2004-0112,debian:9,0.9.7d-1,Medium
293,openssl,CVE-2012-0027,debian:9,1.0.0f-1,Medium
294,openssl,CVE-2011-4108,debian:9,1.0.0f-1,Low
295,openssl,CVE-2004-0079,debian:9,0.9.7d-1,Medium
296,openssl,CVE-2014-0221,debian:9,1.0.1h-1,Medium
297,openssl,CVE-2015-1788,debian:9,1.0.2b-1,Medium
298,openssl,CVE-2014-3506,debian:9,1.0.1i-1,Medium
299,openssl,CVE-2017-3735,debian:9,1.1.0f-3+deb9u1,Medium
300,openssl,CVE-2009-1378,debian:9,0.9.8k-1,Low
301,openssl,CVE-2015-3197,debian:9,1.0.0c-2,Medium
302,openssl,CVE-2011-4109,debian:9,1.0.0c-1,High
303,openssl,CVE-2014-3568,debian:9,1.0.1j-1,Medium
304,openssl,CVE-2014-3512,debian:9,1.0.1i-1,High
305,openssl,CVE-2015-1793,debian:9,1.0.2d-1,Medium
306,openssl,CVE-2011-3210,debian:9,1.0.0e-1,Medium
307,openssl,CVE-2008-0166,debian:9,0.9.8g-9,High
308,openssl,CVE-2011-4577,debian:9,1.0.0f-1,Negligible
309,openssl,CVE-2016-2107,debian:9,1.0.2h-1,Low
310,openssl,CVE-2018-0732,debian:9,1.1.0j-1~deb9u1,Medium
311,openssl,CVE-2011-4354,debian:9,0.9.8o-4squeeze3,Medium
312,openssl,CVE-2016-7052,debian:9,1.0.2j-1,Medium
313,openssl,CVE-2017-3731,debian:9,1.1.0d-1,Medium
314,openssl,CVE-2014-3507,debian:9,1.0.1i-1,Medium
315,openssl,CVE-2009-0653,debian:9,0.9.8-1,High
316,openssl,CVE-2014-3470,debian:9,1.0.1h-1,Medium
317,openssl,CVE-2002-0657,debian:9,0.9.6e-1,High
318,openssl,CVE-2014-3513,debian:9,1.0.1j-1,High
319,openssl,CVE-2014-0195,debian:9,1.0.1h-1,Medium
320,openssl,CVE-2015-1789,debian:9,1.0.2b-1,Medium
321,openssl,CVE-2014-8176,debian:9,1.0.1h-1,High
322,openssl,CVE-2002-1568,debian:9,0.9.6g-1,Medium
323,openssl,CVE-2006-7250,debian:9,1.0.0h-1,Medium
324,openssl,CVE-2016-2180,debian:9,1.0.2i-1,Medium
325,openssl,CVE-2014-8275,debian:9,1.0.1k-1,Medium
326,openssl,CVE-2014-0160,debian:9,1.0.1g-1,Medium
327,openssl,CVE-2003-0544,debian:9,0.9.7c,Medium
328,openssl,CVE-2006-3738,debian:9,0.9.8c-2,High
329,openssl,CVE-2010-3864,debian:9,0.9.8o-3,High
330,openssl,CVE-2018-0735,debian:9,1.1.0j-1~deb9u1,Medium
331,openssl,CVE-2016-2842,debian:9,1.0.2g-1,High
332,openssl,CVE-2016-0800,debian:9,1.0.0c-2,Medium
333,openssl,CVE-2003-0543,debian:9,0.9.7c,Medium
334,openssl,CVE-2015-3196,debian:9,1.0.2d-1,Medium
335,openssl,CVE-2011-1945,debian:9,1.0.0e-1,Low
336,openssl,CVE-2014-3511,debian:9,1.0.1i-1,Medium
337,openssl,CVE-2012-2333,debian:9,1.0.1c-1,Medium
338,openssl,CVE-2017-3736,debian:9,1.1.0f-3+deb9u1,Medium
339,openssl,CVE-2009-0590,debian:9,0.9.8g-16,Low
340,openssl,CVE-2016-2108,debian:9,1.0.2c-1,High
341,openssl,CVE-2015-0293,debian:9,1.0.0c-2,Medium
342,openssl,CVE-2016-0798,debian:9,1.0.2g-1,High
343,openssl,CVE-2016-2181,debian:9,1.0.2i-1,Medium
344,openssl,CVE-2015-3194,debian:9,1.0.2e-1,Medium
345,openssl,CVE-2013-6450,debian:9,1.0.1e-5,Low
346,openssl,CVE-2011-4576,debian:9,1.0.0f-1,Medium
347,openssl,CVE-2019-1563,debian:9,#MAXV#,Unknown
348,openssl,CVE-2019-1547,debian:9,#MAXV#,Unknown
349,openssl,CVE-2019-1547,debian:9,#MAXV#,Unknown
350,openssl,CVE-2019-1563,debian:9,#MAXV#,Unknown
351,openssl,CVE-2019-1563,debian:9,#MAXV#,Medium
352,openssl,CVE-2019-1547,debian:9,#MAXV#,Low
353,openssl,CVE-2019-1547,debian:9,1.1.0l-1~deb9u1,Low
354,openssl,CVE-2019-1563,debian:9,1.1.0l-1~deb9u1,Medium
355,openssl,CVE-2002-0656,debian:8,0.9.6e-1,High
356,openssl,CVE-2015-1789,debian:8,1.0.1k-3+deb8u1,Medium
357,openssl,CVE-2004-0975,debian:8,0.9.7e-3,Low
358,openssl,CVE-2012-2110,debian:8,1.0.1a-1,High
359,openssl,CVE-2004-0112,debian:8,0.9.7d-1,Medium
360,openssl,CVE-2015-0209,debian:8,1.0.1k-2,Medium
361,openssl,CVE-2014-3509,debian:8,1.0.1i-1,Medium
362,openssl,CVE-2016-6304,debian:8,1.0.1t-1+deb8u4,High
363,openssl,CVE-2017-3735,debian:8,1.0.1t-1+deb8u7,Medium
364,openssl,CVE-2014-8176,debian:8,1.0.1k-3+deb8u1,High
365,openssl,CVE-2016-6306,debian:8,1.0.1t-1+deb8u4,Medium
366,openssl,CVE-2011-1945,debian:8,1.0.0e-1,Low
367,openssl,CVE-2019-1559,debian:8,1.0.1t-1+deb8u11,Medium
368,openssl,CVE-2014-0160,debian:8,1.0.1g-1,Medium
369,openssl,CVE-2003-0545,debian:8,0.9.7c,High
370,openssl,CVE-2014-3470,debian:8,1.0.1h-1,Medium
371,openssl,CVE-2014-0221,debian:8,1.0.1h-1,Medium
372,openssl,CVE-2009-0653,debian:8,0.9.8-1,High
373,openssl,CVE-2000-1254,debian:8,0.9.6-1,Medium
374,openssl,CVE-2009-0590,debian:8,0.9.8g-16,Low
375,openssl,CVE-2015-0293,debian:8,1.0.0c-2,Medium
376,openssl,CVE-2018-5407,debian:8,1.0.1t-1+deb8u10,Low
377,openssl,CVE-2014-3572,debian:8,1.0.1k-1,Medium
378,openssl,CVE-2014-3512,debian:8,1.0.1i-1,High
379,openssl,CVE-2009-1378,debian:8,0.9.8k-1,Low
380,openssl,CVE-2008-0166,debian:8,0.9.8g-9,High
381,openssl,CVE-2012-1165,debian:8,1.0.0h-1,Low
382,openssl,CVE-2015-3195,debian:8,1.0.1k-3+deb8u2,Medium
383,openssl,CVE-2016-2842,debian:8,1.0.1k-3+deb8u4,High
384,openssl,CVE-2016-2178,debian:8,1.0.1t-1+deb8u4,Low
385,openssl,CVE-2009-3555,debian:8,0.9.8k-6,Medium
386,openssl,CVE-2010-2939,debian:8,0.9.8o-2,Low
387,openssl,CVE-2017-3731,debian:8,1.0.1t-1+deb8u6,Medium
388,openssl,CVE-2015-3194,debian:8,1.0.1k-3+deb8u2,Medium
389,openssl,CVE-2002-0655,debian:8,0.9.6e-1,High
390,openssl,CVE-2016-2181,debian:8,1.0.1t-1+deb8u4,Medium
391,openssl,CVE-2018-0737,debian:8,1.0.1t-1+deb8u9,Medium
392,openssl,CVE-2016-0800,debian:8,1.0.0c-2,Medium
393,openssl,CVE-2018-0735,debian:8,1.0.1t-1+deb8u10,Medium
394,openssl,CVE-2011-5095,debian:8,0.9.8a-1,Medium
395,openssl,CVE-2016-2105,debian:8,1.0.1k-3+deb8u5,Medium
396,openssl,CVE-2004-0079,debian:8,0.9.7d-1,Medium
397,openssl,CVE-2015-1791,debian:8,1.0.1k-3+deb8u1,Medium
398,openssl,CVE-2014-8275,debian:8,1.0.1k-1,Medium
399,openssl,CVE-2010-0928,debian:8,#MAXV#,Negligible
400,openssl,CVE-2012-4929,debian:8,1.0.1e-5,Low
401,openssl,CVE-2016-2109,debian:8,1.0.1k-3+deb8u5,High
402,openssl,CVE-2010-0742,debian:8,1.0.0e-1,Negligible
403,openssl,CVE-2016-2108,debian:8,1.0.1k-3+deb8u5,High
404,openssl,CVE-2009-2409,debian:8,0.9.8k-4,Low
405,openssl,CVE-2018-0734,debian:8,#MAXV#,Medium
406,openssl,CVE-2009-1386,debian:8,0.9.8k-1,Low
407,openssl,CVE-2003-0543,debian:8,0.9.7c,Medium
408,openssl,CVE-2015-0205,debian:8,1.0.1k-1,Medium
409,openssl,CVE-2015-7575,debian:8,1.0.1f-1,Medium
410,openssl,CVE-2016-2107,debian:8,1.0.1k-3+deb8u5,Low
411,openssl,CVE-2011-4576,debian:8,1.0.0f-1,Medium
412,openssl,CVE-2016-2180,debian:8,1.0.1t-1+deb8u4,Medium
413,openssl,CVE-2008-1672,debian:8,0.9.8g-10.1,Medium
414,openssl,CVE-2009-1387,debian:8,0.9.8k-2,Low
415,openssl,CVE-2015-0206,debian:8,1.0.1k-1,Medium
416,openssl,CVE-2016-2179,debian:8,1.0.1t-1+deb8u4,Medium
417,openssl,CVE-2002-0659,debian:8,0.9.6e-1,Medium
418,openssl,CVE-2014-0195,debian:8,1.0.1h-1,Medium
419,openssl,CVE-2016-6302,debian:8,1.0.1t-1+deb8u4,Medium
420,openssl,CVE-2010-5298,debian:8,1.0.1g-3,Negligible
421,openssl,CVE-2015-4000,debian:8,1.0.1k-3+deb8u1,Medium
422,openssl,CVE-2009-4355,debian:8,0.9.8k-8,Low
423,openssl,CVE-2016-0704,debian:8,1.0.0c-2,Medium
424,openssl,CVE-2007-3108,debian:8,0.9.8e-6,Low
425,openssl,CVE-2010-3864,debian:8,0.9.8o-3,High
426,openssl,CVE-2016-7056,debian:8,1.0.1t-1+deb8u6,Low
427,openssl,CVE-2014-3570,debian:8,1.0.1k-1,Medium
428,openssl,CVE-2012-0027,debian:8,1.0.0f-1,Medium
429,openssl,CVE-2013-6449,debian:8,1.0.1e-5,Medium
430,openssl,CVE-2009-1379,debian:8,0.9.8k-1,Low
431,openssl,CVE-2015-3196,debian:8,1.0.1k-3+deb8u2,Medium
432,openssl,CVE-2004-0081,debian:8,0.9.6d-1,Medium
433,openssl,CVE-2016-0798,debian:8,1.0.1k-3+deb8u4,High
434,openssl,CVE-2011-4619,debian:8,1.0.0h-1,Medium
435,openssl,CVE-2015-1788,debian:8,1.0.1k-3+deb8u1,Medium
436,openssl,CVE-2016-0799,debian:8,1.0.1k-3+deb8u4,High
437,openssl,CVE-2014-3569,debian:8,1.0.1k-1,Medium
438,openssl,CVE-2018-0732,debian:8,1.0.1t-1+deb8u9,Medium
439,openssl,CVE-2008-7270,debian:8,0.9.8k-1,Medium
440,openssl,CVE-2019-1543,debian:8,#MAXV#,Medium
441,openssl,CVE-2014-0198,debian:8,1.0.1g-4,Medium
442,openssl,CVE-2005-2969,debian:8,0.9.8-3,Low
443,openssl,CVE-2016-6303,debian:8,1.0.1t-1+deb8u4,High
444,openssl,CVE-2005-2946,debian:8,0.9.8-1,Negligible
445,openssl,CVE-2011-3207,debian:8,1.0.0e-1,Medium
446,openssl,CVE-2015-3197,debian:8,1.0.0c-2,Medium
447,openssl,CVE-2011-4577,debian:8,1.0.0f-1,Negligible
448,openssl,CVE-2002-0657,debian:8,0.9.6e-1,High
449,openssl,CVE-2014-3507,debian:8,1.0.1i-1,Medium
450,openssl,CVE-2016-0705,debian:8,1.0.1k-3+deb8u4,High
451,openssl,CVE-2014-3505,debian:8,1.0.1i-1,Medium
452,openssl,CVE-2013-6450,debian:8,1.0.1e-5,Low
453,openssl,CVE-2014-3513,debian:8,1.0.1j-1,High
454,openssl,CVE-2014-5139,debian:8,1.0.1i-1,Medium
455,openssl,CVE-2003-0147,debian:8,0.9.7b-1,Medium
456,openssl,CVE-2016-2106,debian:8,1.0.1k-3+deb8u5,Medium
457,openssl,CVE-2016-0702,debian:8,1.0.1k-3+deb8u4,Low
458,openssl,CVE-2010-0740,debian:8,0.9.8n-1,Medium
459,openssl,CVE-2010-4180,debian:8,0.9.8o-4,Medium
460,openssl,CVE-2014-3510,debian:8,1.0.1i-1,Medium
461,openssl,CVE-2008-5077,debian:8,0.9.8g-15,Medium
462,openssl,CVE-2015-1790,debian:8,1.0.1k-3+deb8u1,Medium
463,openssl,CVE-2008-0891,debian:8,0.9.8g-10.1,Medium
464,openssl,CVE-2009-5146,debian:8,0.9.8k-1,Unknown
465,openssl,CVE-2012-0050,debian:8,1.0.0g-1,Medium
466,openssl,CVE-2009-3245,debian:8,0.9.8m-1,Low
467,openssl,CVE-2013-0166,debian:8,1.0.1e-1,Medium
468,openssl,CVE-2014-3566,debian:8,1.0.1j-1,Medium
469,openssl,CVE-2015-0289,debian:8,1.0.1k-2,Medium
470,openssl,CVE-2014-3567,debian:8,1.0.1j-1,High
471,openssl,CVE-2015-0286,debian:8,1.0.1k-2,Medium
472,openssl,CVE-2006-2937,debian:8,0.9.8c-2,High
473,openssl,CVE-2006-4343,debian:8,0.9.8c-2,Medium
474,openssl,CVE-2003-0131,debian:8,0.9.7b-1,High
475,openssl,CVE-2006-4339,debian:8,0.9.8b-3,Medium
476,openssl,CVE-2006-7250,debian:8,1.0.0h-1,Medium
477,openssl,CVE-2015-1792,debian:8,1.0.1k-3+deb8u1,Medium
478,openssl,CVE-2018-0739,debian:8,1.0.1t-1+deb8u8,Medium
479,openssl,CVE-2011-4108,debian:8,1.0.0f-1,Low
480,openssl,CVE-2015-0204,debian:8,1.0.1k-1,Medium
481,openssl,CVE-2012-2333,debian:8,1.0.1c-1,Medium
482,openssl,CVE-2014-3571,debian:8,1.0.1k-1,Medium
483,openssl,CVE-2011-4109,debian:8,1.0.0c-1,High
484,openssl,CVE-2007-4995,debian:8,0.9.8f-1,Low
485,openssl,CVE-2007-5135,debian:8,0.9.8e-9,Low
486,openssl,CVE-2014-3508,debian:8,1.0.1i-1,Medium
487,openssl,CVE-2014-0076,debian:8,1.0.1g-1,Low
488,openssl,CVE-2016-2182,debian:8,1.0.1t-1+deb8u4,High
489,openssl,CVE-2014-3511,debian:8,1.0.1i-1,Medium
490,openssl,CVE-2011-0014,debian:8,0.9.8o-5,Low
491,openssl,CVE-2003-0544,debian:8,0.9.7c,Medium
492,openssl,CVE-2015-0287,debian:8,1.0.1k-2,Medium
493,openssl,CVE-2011-3210,debian:8,1.0.0e-1,Medium
494,openssl,CVE-2013-4353,debian:8,1.0.1f-1,Medium
495,openssl,CVE-2006-3738,debian:8,0.9.8c-2,High
496,openssl,CVE-2012-0884,debian:8,1.0.0h-1,Low
497,openssl,CVE-2012-2686,debian:8,1.0.1e-1,Medium
498,openssl,CVE-2013-0169,debian:8,1.0.1e-1,Low
499,openssl,CVE-2016-0797,debian:8,1.0.1k-3+deb8u4,Medium
500,openssl,CVE-2007-6755,debian:8,#MAXV#,Negligible
501,openssl,CVE-2014-0224,debian:8,1.0.1h-1,Medium
502,openssl,CVE-2016-2177,debian:8,1.0.1t-1+deb8u4,High
503,openssl,CVE-2009-1377,debian:8,0.9.8k-1,Low
504,openssl,CVE-2011-4354,debian:8,0.9.8o-4squeeze3,Medium
505,openssl,CVE-2002-1568,debian:8,0.9.6g-1,Medium
506,openssl,CVE-2003-0078,debian:8,0.9.7a-1,Medium
507,openssl,CVE-2016-8610,debian:8,1.0.1t-1+deb8u6,Medium
508,openssl,CVE-2016-0703,debian:8,1.0.0c-2,Medium
509,openssl,CVE-2015-0292,debian:8,1.0.1h-1,High
510,openssl,CVE-2014-3506,debian:8,1.0.1i-1,Medium
511,openssl,CVE-2015-0288,debian:8,1.0.1k-2,Medium
512,openssl,CVE-2014-3568,debian:8,1.0.1j-1,Medium
513,openssl,CVE-2006-2940,debian:8,0.9.8c-2,High
514,openssl,CVE-2019-1563,debian:8,#MAXV#,Unknown
515,openssl,CVE-2019-1547,debian:8,#MAXV#,Unknown
516,openssl,CVE-2019-1547,debian:8,#MAXV#,Unknown
517,openssl,CVE-2019-1563,debian:8,#MAXV#,Unknown
518,openssl,CVE-2019-1563,debian:8,#MAXV#,Medium
519,openssl,CVE-2019-1547,debian:8,#MAXV#,Low
520,openssl,CVE-2019-1547,debian:8,1.0.1t-1+deb8u12,Low
521,openssl,CVE-2019-1563,debian:8,1.0.1t-1+deb8u12,Medium
522,openssl,CVE-2015-7575,debian:10,1.0.1f-1,Medium
523,openssl,CVE-2015-1793,debian:10,1.0.2d-1,Medium
524,openssl,CVE-2014-3512,debian:10,1.0.1i-1,High
525,openssl,CVE-2016-2181,debian:10,1.0.2i-1,Medium
526,openssl,CVE-2013-0166,debian:10,1.0.1e-1,Medium
527,openssl,CVE-2017-3735,debian:10,1.1.0g-1,Medium
528,openssl,CVE-2007-6755,debian:10,#MAXV#,Negligible
529,openssl,CVE-2011-4354,debian:10,0.9.8o-4squeeze3,Medium
530,openssl,CVE-2016-0702,debian:10,1.0.2g-1,Low
531,openssl,CVE-2016-2108,debian:10,1.0.2c-1,High
532,openssl,CVE-2010-4180,debian:10,0.9.8o-4,Medium
533,openssl,CVE-2003-0545,debian:10,0.9.7c,High
534,openssl,CVE-2006-4343,debian:10,0.9.8c-2,Medium
535,openssl,CVE-2011-3210,debian:10,1.0.0e-1,Medium
536,openssl,CVE-2017-3730,debian:10,1.1.0d-1,Medium
537,openssl,CVE-2015-3196,debian:10,1.0.2d-1,Medium
538,openssl,CVE-2014-8275,debian:10,1.0.1k-1,Medium
539,openssl,CVE-2012-0884,debian:10,1.0.0h-1,Low
540,openssl,CVE-2009-0590,debian:10,0.9.8g-16,Low
541,openssl,CVE-2015-3197,debian:10,1.0.0c-2,Medium
542,openssl,CVE-2016-2179,debian:10,1.0.2i-1,Medium
543,openssl,CVE-2014-0160,debian:10,1.0.1g-1,Medium
544,openssl,CVE-2016-0799,debian:10,1.0.2g-1,High
545,openssl,CVE-2009-0653,debian:10,0.9.8-1,High
546,openssl,CVE-2019-1543,debian:10,1.1.1c-1,Medium
547,openssl,CVE-2014-3506,debian:10,1.0.1i-1,Medium
548,openssl,CVE-2014-3509,debian:10,1.0.1i-1,Medium
549,openssl,CVE-2010-5298,debian:10,1.0.1g-3,Negligible
550,openssl,CVE-2000-1254,debian:10,0.9.6-1,Medium
551,openssl,CVE-2011-1945,debian:10,1.0.0e-1,Low
552,openssl,CVE-2015-1789,debian:10,1.0.2b-1,Medium
553,openssl,CVE-2015-0288,debian:10,1.0.1k-2,Medium
554,openssl,CVE-2009-1387,debian:10,0.9.8k-2,Low
555,openssl,CVE-2003-0131,debian:10,0.9.7b-1,High
556,openssl,CVE-2008-0166,debian:10,0.9.8g-9,High
557,openssl,CVE-2002-0657,debian:10,0.9.6e-1,High
558,openssl,CVE-2014-3567,debian:10,1.0.1j-1,High
559,openssl,CVE-2014-0221,debian:10,1.0.1h-1,Medium
560,openssl,CVE-2016-0800,debian:10,1.0.0c-2,Medium
561,openssl,CVE-2016-7053,debian:10,1.1.0c-1,Medium
562,openssl,CVE-2016-6304,debian:10,1.0.2i-1,High
563,openssl,CVE-2017-3732,debian:10,1.1.0d-1,Medium
564,openssl,CVE-2011-4109,debian:10,1.0.0c-1,High
565,openssl,CVE-2014-8176,debian:10,1.0.1h-1,High
566,openssl,CVE-2006-4339,debian:10,0.9.8b-3,Medium
567,openssl,CVE-2009-5146,debian:10,0.9.8k-1,Unknown
568,openssl,CVE-2003-0544,debian:10,0.9.7c,Medium
569,openssl,CVE-2015-0204,debian:10,1.0.1k-1,Medium
570,openssl,CVE-2017-3736,debian:10,1.1.0g-1,Medium
571,openssl,CVE-2002-0659,debian:10,0.9.6e-1,Medium
572,openssl,CVE-2015-3195,debian:10,1.0.2e-1,Medium
573,openssl,CVE-2017-3731,debian:10,1.1.0d-1,Medium
574,openssl,CVE-2014-5139,debian:10,1.0.1i-1,Medium
575,openssl,CVE-2016-0701,debian:10,1.0.2f-2,Low
576,openssl,CVE-2016-0705,debian:10,1.0.2g-1,High
577,openssl,CVE-2016-6306,debian:10,1.0.2i-1,Medium
578,openssl,CVE-2010-0928,debian:10,#MAXV#,Negligible
579,openssl,CVE-2017-3733,debian:10,1.1.0e-1,Medium
580,openssl,CVE-2015-0292,debian:10,1.0.1h-1,High
581,openssl,CVE-2009-3555,debian:10,0.9.8k-6,Medium
582,openssl,CVE-2009-1379,debian:10,0.9.8k-1,Low
583,openssl,CVE-2003-0078,debian:10,0.9.7a-1,Medium
584,openssl,CVE-2015-1791,debian:10,1.0.2b-1,Medium
585,openssl,CVE-2016-6303,debian:10,1.0.2i-1,High
586,openssl,CVE-2004-0081,debian:10,0.9.6d-1,Medium
587,openssl,CVE-2009-1377,debian:10,0.9.8k-1,Low
588,openssl,CVE-2017-3737,debian:10,1.1.0b-2,Medium
589,openssl,CVE-2018-0733,debian:10,1.1.0h-1,Medium
590,openssl,CVE-2014-3511,debian:10,1.0.1i-1,Medium
591,openssl,CVE-2014-3571,debian:10,1.0.1k-1,Medium
592,openssl,CVE-2016-0797,debian:10,1.0.2g-1,Medium
593,openssl,CVE-2008-1672,debian:10,0.9.8g-10.1,Medium
594,openssl,CVE-2015-1792,debian:10,1.0.2b-1,Medium
595,openssl,CVE-2013-4353,debian:10,1.0.1f-1,Medium
596,openssl,CVE-2009-3245,debian:10,0.9.8m-1,Low
597,openssl,CVE-2015-4000,debian:10,1.0.2b-1,Medium
598,openssl,CVE-2016-2107,debian:10,1.0.2h-1,Low
599,openssl,CVE-2010-0742,debian:10,1.0.0e-1,Negligible
600,openssl,CVE-2011-0014,debian:10,0.9.8o-5,Low
601,openssl,CVE-2009-1378,debian:10,0.9.8k-1,Low
602,openssl,CVE-2015-0205,debian:10,1.0.1k-1,Medium
603,openssl,CVE-2013-0169,debian:10,1.0.1e-1,Low
604,openssl,CVE-2004-0975,debian:10,0.9.7e-3,Low
605,openssl,CVE-2016-2105,debian:10,1.0.2h-1,Medium
606,openssl,CVE-2016-0704,debian:10,1.0.0c-2,Medium
607,openssl,CVE-2004-0079,debian:10,0.9.7d-1,Medium
608,openssl,CVE-2015-0206,debian:10,1.0.1k-1,Medium
609,openssl,CVE-2015-0287,debian:10,1.0.1k-2,Medium
610,openssl,CVE-2014-3572,debian:10,1.0.1k-1,Medium
611,openssl,CVE-2018-0734,debian:10,1.1.1a-1,Medium
612,openssl,CVE-2016-2178,debian:10,1.0.2i-1,Low
613,openssl,CVE-2016-0798,debian:10,1.0.2g-1,High
614,openssl,CVE-2010-0740,debian:10,0.9.8n-1,Medium
615,openssl,CVE-2008-0891,debian:10,0.9.8g-10.1,Medium
616,openssl,CVE-2016-7052,debian:10,1.0.2j-1,Medium
617,openssl,CVE-2013-6449,debian:10,1.0.1e-5,Medium
618,openssl,CVE-2015-0286,debian:10,1.0.1k-2,Medium
619,openssl,CVE-2017-3738,debian:10,1.1.0h-1,Medium
620,openssl,CVE-2016-2106,debian:10,1.0.2h-1,Medium
621,openssl,CVE-2002-1568,debian:10,0.9.6g-1,Medium
622,openssl,CVE-2003-0147,debian:10,0.9.7b-1,Medium
623,openssl,CVE-2008-7270,debian:10,0.9.8k-1,Medium
624,openssl,CVE-2018-0732,debian:10,1.1.1-1,Medium
625,openssl,CVE-2014-3508,debian:10,1.0.1i-1,Medium
626,openssl,CVE-2014-3505,debian:10,1.0.1i-1,Medium
627,openssl,CVE-2003-0543,debian:10,0.9.7c,Medium
628,openssl,CVE-2012-4929,debian:10,1.0.1e-5,Low
629,openssl,CVE-2016-2182,debian:10,1.0.2i-1,High
630,openssl,CVE-2007-3108,debian:10,0.9.8e-6,Low
631,openssl,CVE-2014-3507,debian:10,1.0.1i-1,Medium
632,openssl,CVE-2014-0224,debian:10,1.0.1h-1,Medium
633,openssl,CVE-2018-0737,debian:10,1.1.0h-3,Medium
634,openssl,CVE-2009-1386,debian:10,0.9.8k-1,Low
635,openssl,CVE-2006-2937,debian:10,0.9.8c-2,High
636,openssl,CVE-2011-4577,debian:10,1.0.0f-1,Negligible
637,openssl,CVE-2014-3566,debian:10,1.0.1j-1,Medium
638,openssl,CVE-2002-0655,debian:10,0.9.6e-1,High
639,openssl,CVE-2016-2177,debian:10,1.0.2i-1,High
640,openssl,CVE-2014-0076,debian:10,1.0.1g-1,Low
641,openssl,CVE-2015-1790,debian:10,1.0.2b-1,Medium
642,openssl,CVE-2014-3569,debian:10,1.0.1k-1,Medium
643,openssl,CVE-2018-0735,debian:10,1.1.1a-1,Medium
644,openssl,CVE-2005-2946,debian:10,0.9.8-1,Negligible
645,openssl,CVE-2005-2969,debian:10,0.9.8-3,Low
646,openssl,CVE-2009-2409,debian:10,0.9.8k-4,Low
647,openssl,CVE-2016-8610,debian:10,1.0.2j-1,Medium
648,openssl,CVE-2011-4576,debian:10,1.0.0f-1,Medium
649,openssl,CVE-2015-3194,debian:10,1.0.2e-1,Medium
650,openssl,CVE-2011-5095,debian:10,0.9.8a-1,Medium
651,openssl,CVE-2015-0209,debian:10,1.0.1k-2,Medium
652,openssl,CVE-2012-2333,debian:10,1.0.1c-1,Medium
653,openssl,CVE-2012-2686,debian:10,1.0.1e-1,Medium
654,openssl,CVE-2006-2940,debian:10,0.9.8c-2,High
655,openssl,CVE-2015-0293,debian:10,1.0.0c-2,Medium
656,openssl,CVE-2012-1165,debian:10,1.0.0h-1,Low
657,openssl,CVE-2014-3568,debian:10,1.0.1j-1,Medium
658,openssl,CVE-2011-4108,debian:10,1.0.0f-1,Low
659,openssl,CVE-2007-4995,debian:10,0.9.8f-1,Low
660,openssl,CVE-2011-4619,debian:10,1.0.0h-1,Medium
661,openssl,CVE-2016-7054,debian:10,1.1.0c-1,Medium
662,openssl,CVE-2002-0656,debian:10,0.9.6e-1,High
663,openssl,CVE-2019-1559,debian:10,1.1.0b-2,Medium
664,openssl,CVE-2015-3193,debian:10,1.0.2e-1,Medium
665,openssl,CVE-2014-3513,debian:10,1.0.1j-1,High
666,openssl,CVE-2007-5135,debian:10,0.9.8e-9,Low
667,openssl,CVE-2012-0050,debian:10,1.0.0g-1,Medium
668,openssl,CVE-2015-1794,debian:10,1.0.2e-1,Medium
669,openssl,CVE-2014-3570,debian:10,1.0.1k-1,Medium
670,openssl,CVE-2016-6302,debian:10,1.0.2i-1,Medium
671,openssl,CVE-2014-3470,debian:10,1.0.1h-1,Medium
672,openssl,CVE-2016-7055,debian:10,1.1.0c-1,Low
673,openssl,CVE-2013-6450,debian:10,1.0.1e-5,Low
674,openssl,CVE-2006-3738,debian:10,0.9.8c-2,High
675,openssl,CVE-2009-4355,debian:10,0.9.8k-8,Low
676,openssl,CVE-2006-7250,debian:10,1.0.0h-1,Medium
677,openssl,CVE-2010-2939,debian:10,0.9.8o-2,Low
678,openssl,CVE-2018-0739,debian:10,1.1.0h-1,Medium
679,openssl,CVE-2012-2110,debian:10,1.0.1a-1,High
680,openssl,CVE-2014-0195,debian:10,1.0.1h-1,Medium
681,openssl,CVE-2016-0703,debian:10,1.0.0c-2,Medium
682,openssl,CVE-2016-7056,debian:10,1.0.2a-1,Low
683,openssl,CVE-2016-2109,debian:10,1.0.2h-1,High
684,openssl,CVE-2012-0027,debian:10,1.0.0f-1,Medium
685,openssl,CVE-2018-5407,debian:10,1.1.1~~pre9-1,Low
686,openssl,CVE-2011-3207,debian:10,1.0.0e-1,Medium
687,openssl,CVE-2015-1788,debian:10,1.0.2b-1,Medium
688,openssl,CVE-2016-2180,debian:10,1.0.2i-1,Medium
689,openssl,CVE-2008-5077,debian:10,0.9.8g-15,Medium
690,openssl,CVE-2015-0289,debian:10,1.0.1k-2,Medium
691,openssl,CVE-2014-3510,debian:10,1.0.1i-1,Medium
692,openssl,CVE-2010-3864,debian:10,0.9.8o-3,High
693,openssl,CVE-2004-0112,debian:10,0.9.7d-1,Medium
694,openssl,CVE-2016-2842,debian:10,1.0.2g-1,High
695,openssl,CVE-2014-0198,debian:10,1.0.1g-4,Medium
696,openssl,CVE-2019-1547,debian:10,#MAXV#,Unknown
697,openssl,CVE-2019-1563,debian:10,#MAXV#,Unknown
698,openssl,CVE-2019-1549,debian:10,#MAXV#,Negligible
699,openssl,CVE-2019-1563,debian:10,#MAXV#,Unknown
700,openssl,CVE-2019-1547,debian:10,#MAXV#,Unknown
701,openssl,CVE-2019-1549,debian:10,#MAXV#,Negligible
702,openssl,CVE-2019-1563,debian:10,#MAXV#,Medium
703,openssl,CVE-2019-1549,debian:10,#MAXV#,Medium
704,openssl,CVE-2019-1547,debian:10,#MAXV#,Low
705,openssl,CVE-2019-1563,debian:10,1.1.1d-0+deb10u1,Medium
706,openssl,CVE-2019-1549,debian:10,1.1.1d-0+deb10u1,Medium
707,openssl,CVE-2019-1547,debian:10,1.1.1d-0+deb10u1,Low
708,openssl,CVE-2010-4180,debian:unstable,0.9.8o-4,Medium
709,openssl,CVE-2014-3566,debian:unstable,1.0.1j-1,Medium
710,openssl,CVE-2002-0657,debian:unstable,0.9.6e-1,High
711,openssl,CVE-2016-6303,debian:unstable,1.0.2i-1,High
712,openssl,CVE-2019-1543,debian:unstable,1.1.1c-1,Medium
713,openssl,CVE-2014-0195,debian:unstable,1.0.1h-1,Medium
714,openssl,CVE-2015-1788,debian:unstable,1.0.2b-1,Medium
715,openssl,CVE-2017-3738,debian:unstable,1.1.0h-1,Medium
716,openssl,CVE-2006-7250,debian:unstable,1.0.0h-1,Medium
717,openssl,CVE-2016-6304,debian:unstable,1.0.2i-1,High
718,openssl,CVE-2016-2109,debian:unstable,1.0.2h-1,High
719,openssl,CVE-2007-5135,debian:unstable,0.9.8e-9,Low
720,openssl,CVE-2013-4353,debian:unstable,1.0.1f-1,Medium
721,openssl,CVE-2016-2180,debian:unstable,1.0.2i-1,Medium
722,openssl,CVE-2017-3731,debian:unstable,1.1.0d-1,Medium
723,openssl,CVE-2016-2105,debian:unstable,1.0.2h-1,Medium
724,openssl,CVE-2006-2937,debian:unstable,0.9.8c-2,High
725,openssl,CVE-2004-0112,debian:unstable,0.9.7d-1,Medium
726,openssl,CVE-2015-1791,debian:unstable,1.0.2b-1,Medium
727,openssl,CVE-2015-0288,debian:unstable,1.0.1k-2,Medium
728,openssl,CVE-2011-4576,debian:unstable,1.0.0f-1,Medium
729,openssl,CVE-2018-0739,debian:unstable,1.1.0h-1,Medium
730,openssl,CVE-2003-0147,debian:unstable,0.9.7b-1,Medium
731,openssl,CVE-2009-2409,debian:unstable,0.9.8k-4,Low
732,openssl,CVE-2003-0078,debian:unstable,0.9.7a-1,Medium
733,openssl,CVE-2012-4929,debian:unstable,1.0.1e-5,Low
734,openssl,CVE-2016-0705,debian:unstable,1.0.2g-1,High
735,openssl,CVE-2011-4354,debian:unstable,0.9.8o-4squeeze3,Medium
736,openssl,CVE-2010-0928,debian:unstable,#MAXV#,Negligible
737,openssl,CVE-2014-3512,debian:unstable,1.0.1i-1,High
738,openssl,CVE-2014-3509,debian:unstable,1.0.1i-1,Medium
739,openssl,CVE-2015-1789,debian:unstable,1.0.2b-1,Medium
740,openssl,CVE-2016-2177,debian:unstable,1.0.2i-1,High
741,openssl,CVE-2015-0286,debian:unstable,1.0.1k-2,Medium
742,openssl,CVE-2010-2939,debian:unstable,0.9.8o-2,Low
743,openssl,CVE-2004-0975,debian:unstable,0.9.7e-3,Low
744,openssl,CVE-2016-7055,debian:unstable,1.1.0c-1,Low
745,openssl,CVE-2003-0131,debian:unstable,0.9.7b-1,High
746,openssl,CVE-2011-5095,debian:unstable,0.9.8a-1,Medium
747,openssl,CVE-2014-8275,debian:unstable,1.0.1k-1,Medium
748,openssl,CVE-2006-3738,debian:unstable,0.9.8c-2,High
749,openssl,CVE-2014-3505,debian:unstable,1.0.1i-1,Medium
750,openssl,CVE-2011-4109,debian:unstable,1.0.0c-1,High
751,openssl,CVE-2016-0800,debian:unstable,1.0.0c-2,Medium
752,openssl,CVE-2012-0027,debian:unstable,1.0.0f-1,Medium
753,openssl,CVE-2013-0166,debian:unstable,1.0.1e-1,Medium
754,openssl,CVE-2016-8610,debian:unstable,1.0.2j-1,Medium
755,openssl,CVE-2011-4577,debian:unstable,1.0.0f-1,Negligible
756,openssl,CVE-2009-1379,debian:unstable,0.9.8k-1,Low
757,openssl,CVE-2014-3567,debian:unstable,1.0.1j-1,High
758,openssl,CVE-2017-3736,debian:unstable,1.1.0g-1,Medium
759,openssl,CVE-2014-0076,debian:unstable,1.0.1g-1,Low
760,openssl,CVE-2014-3506,debian:unstable,1.0.1i-1,Medium
761,openssl,CVE-2016-7056,debian:unstable,1.0.2a-1,Low
762,openssl,CVE-2011-4619,debian:unstable,1.0.0h-1,Medium
763,openssl,CVE-2009-1386,debian:unstable,0.9.8k-1,Low
764,openssl,CVE-2016-6302,debian:unstable,1.0.2i-1,Medium
765,openssl,CVE-2016-2107,debian:unstable,1.0.2h-1,Low
766,openssl,CVE-2009-1378,debian:unstable,0.9.8k-1,Low
767,openssl,CVE-2009-0590,debian:unstable,0.9.8g-16,Low
768,openssl,CVE-2003-0544,debian:unstable,0.9.7c,Medium
769,openssl,CVE-2009-1387,debian:unstable,0.9.8k-2,Low
770,openssl,CVE-2016-0702,debian:unstable,1.0.2g-1,Low
771,openssl,CVE-2004-0081,debian:unstable,0.9.6d-1,Medium
772,openssl,CVE-2012-2110,debian:unstable,1.0.1a-1,High
773,openssl,CVE-2013-6450,debian:unstable,1.0.1e-5,Low
774,openssl,CVE-2002-0655,debian:unstable,0.9.6e-1,High
775,openssl,CVE-2012-2333,debian:unstable,1.0.1c-1,Medium
776,openssl,CVE-2016-0704,debian:unstable,1.0.0c-2,Medium
777,openssl,CVE-2006-4339,debian:unstable,0.9.8b-3,Medium
778,openssl,CVE-2003-0545,debian:unstable,0.9.7c,High
779,openssl,CVE-2006-2940,debian:unstable,0.9.8c-2,High
780,openssl,CVE-2016-2181,debian:unstable,1.0.2i-1,Medium
781,openssl,CVE-2017-3730,debian:unstable,1.1.0d-1,Medium
782,openssl,CVE-2011-4108,debian:unstable,1.0.0f-1,Low
783,openssl,CVE-2015-0209,debian:unstable,1.0.1k-2,Medium
784,openssl,CVE-2015-0293,debian:unstable,1.0.0c-2,Medium
785,openssl,CVE-2009-3245,debian:unstable,0.9.8m-1,Low
786,openssl,CVE-2009-4355,debian:unstable,0.9.8k-8,Low
787,openssl,CVE-2015-0289,debian:unstable,1.0.1k-2,Medium
788,openssl,CVE-2018-0735,debian:unstable,1.1.1a-1,Medium
789,openssl,CVE-2014-3470,debian:unstable,1.0.1h-1,Medium
790,openssl,CVE-2018-0737,debian:unstable,1.1.0h-3,Medium
791,openssl,CVE-2015-1792,debian:unstable,1.0.2b-1,Medium
792,openssl,CVE-2009-5146,debian:unstable,0.9.8k-1,Unknown
793,openssl,CVE-2016-2108,debian:unstable,1.0.2c-1,High
794,openssl,CVE-2016-2106,debian:unstable,1.0.2h-1,Medium
795,openssl,CVE-2015-3196,debian:unstable,1.0.2d-1,Medium
796,openssl,CVE-2012-2686,debian:unstable,1.0.1e-1,Medium
797,openssl,CVE-2016-0701,debian:unstable,1.0.2f-2,Low
798,openssl,CVE-2014-0224,debian:unstable,1.0.1h-1,Medium
799,openssl,CVE-2005-2946,debian:unstable,0.9.8-1,Negligible
800,openssl,CVE-2014-8176,debian:unstable,1.0.1h-1,High
801,openssl,CVE-2016-0797,debian:unstable,1.0.2g-1,Medium
802,openssl,CVE-2009-1377,debian:unstable,0.9.8k-1,Low
803,openssl,CVE-2016-7052,debian:unstable,1.0.2j-1,Medium
804,openssl,CVE-2015-1794,debian:unstable,1.0.2e-1,Medium
805,openssl,CVE-2011-1945,debian:unstable,1.0.0e-1,Low
806,openssl,CVE-2016-2182,debian:unstable,1.0.2i-1,High
807,openssl,CVE-2006-4343,debian:unstable,0.9.8c-2,Medium
808,openssl,CVE-2018-5407,debian:unstable,1.1.1~~pre9-1,Low
809,openssl,CVE-2014-3572,debian:unstable,1.0.1k-1,Medium
810,openssl,CVE-2011-3210,debian:unstable,1.0.0e-1,Medium
811,openssl,CVE-2011-0014,debian:unstable,0.9.8o-5,Low
812,openssl,CVE-2018-0733,debian:unstable,1.1.0h-1,Medium
813,openssl,CVE-2016-2179,debian:unstable,1.0.2i-1,Medium
814,openssl,CVE-2009-0653,debian:unstable,0.9.8-1,High
815,openssl,CVE-2015-0287,debian:unstable,1.0.1k-2,Medium
816,openssl,CVE-2016-7054,debian:unstable,1.1.0c-1,Medium
817,openssl,CVE-2010-3864,debian:unstable,0.9.8o-3,High
818,openssl,CVE-2014-5139,debian:unstable,1.0.1i-1,Medium
819,openssl,CVE-2009-3555,debian:unstable,0.9.8k-6,Medium
820,openssl,CVE-2003-0543,debian:unstable,0.9.7c,Medium
821,openssl,CVE-2014-3507,debian:unstable,1.0.1i-1,Medium
822,openssl,CVE-2010-0740,debian:unstable,0.9.8n-1,Medium
823,openssl,CVE-2014-3570,debian:unstable,1.0.1k-1,Medium
824,openssl,CVE-2016-0798,debian:unstable,1.0.2g-1,High
825,openssl,CVE-2017-3732,debian:unstable,1.1.0d-1,Medium
826,openssl,CVE-2008-0166,debian:unstable,0.9.8g-9,High
827,openssl,CVE-2002-1568,debian:unstable,0.9.6g-1,Medium
828,openssl,CVE-2015-0205,debian:unstable,1.0.1k-1,Medium
829,openssl,CVE-2010-5298,debian:unstable,1.0.1g-3,Negligible
830,openssl,CVE-2016-0703,debian:unstable,1.0.0c-2,Medium
831,openssl,CVE-2015-4000,debian:unstable,1.0.2b-1,Medium
832,openssl,CVE-2014-3508,debian:unstable,1.0.1i-1,Medium
833,openssl,CVE-2015-3194,debian:unstable,1.0.2e-1,Medium
834,openssl,CVE-2015-3193,debian:unstable,1.0.2e-1,Medium
835,openssl,CVE-2007-6755,debian:unstable,#MAXV#,Negligible
836,openssl,CVE-2008-5077,debian:unstable,0.9.8g-15,Medium
837,openssl,CVE-2018-0734,debian:unstable,1.1.1a-1,Medium
838,openssl,CVE-2016-0799,debian:unstable,1.0.2g-1,High
839,openssl,CVE-2019-1559,debian:unstable,1.1.0b-2,Medium
840,openssl,CVE-2014-3568,debian:unstable,1.0.1j-1,Medium
841,openssl,CVE-2008-0891,debian:unstable,0.9.8g-10.1,Medium
842,openssl,CVE-2014-3510,debian:unstable,1.0.1i-1,Medium
843,openssl,CVE-2014-3569,debian:unstable,1.0.1k-1,Medium
844,openssl,CVE-2014-3511,debian:unstable,1.0.1i-1,Medium
845,openssl,CVE-2011-3207,debian:unstable,1.0.0e-1,Medium
846,openssl,CVE-2015-0206,debian:unstable,1.0.1k-1,Medium
847,openssl,CVE-2015-3195,debian:unstable,1.0.2e-1,Medium
848,openssl,CVE-2000-1254,debian:unstable,0.9.6-1,Medium
849,openssl,CVE-2015-1790,debian:unstable,1.0.2b-1,Medium
850,openssl,CVE-2014-3571,debian:unstable,1.0.1k-1,Medium
851,openssl,CVE-2005-2969,debian:unstable,0.9.8-3,Low
852,openssl,CVE-2017-3737,debian:unstable,1.1.0b-2,Medium
853,openssl,CVE-2014-0221,debian:unstable,1.0.1h-1,Medium
854,openssl,CVE-2013-6449,debian:unstable,1.0.1e-5,Medium
855,openssl,CVE-2016-2178,debian:unstable,1.0.2i-1,Low
856,openssl,CVE-2012-1165,debian:unstable,1.0.0h-1,Low
857,openssl,CVE-2015-7575,debian:unstable,1.0.1f-1,Medium
858,openssl,CVE-2016-6306,debian:unstable,1.0.2i-1,Medium
859,openssl,CVE-2016-7053,debian:unstable,1.1.0c-1,Medium
860,openssl,CVE-2014-3513,debian:unstable,1.0.1j-1,High
861,openssl,CVE-2010-0742,debian:unstable,1.0.0e-1,Negligible
862,openssl,CVE-2018-0732,debian:unstable,1.1.1-1,Medium
863,openssl,CVE-2008-1672,debian:unstable,0.9.8g-10.1,Medium
864,openssl,CVE-2014-0160,debian:unstable,1.0.1g-1,Medium
865,openssl,CVE-2017-3735,debian:unstable,1.1.0g-1,Medium
866,openssl,CVE-2007-3108,debian:unstable,0.9.8e-6,Low
867,openssl,CVE-2015-0204,debian:unstable,1.0.1k-1,Medium
868,openssl,CVE-2015-0292,debian:unstable,1.0.1h-1,High
869,openssl,CVE-2017-3733,debian:unstable,1.1.0e-1,Medium
870,openssl,CVE-2013-0169,debian:unstable,1.0.1e-1,Low
871,openssl,CVE-2012-0050,debian:unstable,1.0.0g-1,Medium
872,openssl,CVE-2015-3197,debian:unstable,1.0.0c-2,Medium
873,openssl,CVE-2008-7270,debian:unstable,0.9.8k-1,Medium
874,openssl,CVE-2004-0079,debian:unstable,0.9.7d-1,Medium
875,openssl,CVE-2012-0884,debian:unstable,1.0.0h-1,Low
876,openssl,CVE-2016-2842,debian:unstable,1.0.2g-1,High
877,openssl,CVE-2002-0659,debian:unstable,0.9.6e-1,Medium
878,openssl,CVE-2014-0198,debian:unstable,1.0.1g-4,Medium
879,openssl,CVE-2015-1793,debian:unstable,1.0.2d-1,Medium
880,openssl,CVE-2002-0656,debian:unstable,0.9.6e-1,High
881,openssl,CVE-2007-4995,debian:unstable,0.9.8f-1,Low
882,openssl,CVE-2019-1549,debian:unstable,#MAXV#,Negligible
883,openssl,CVE-2019-1547,debian:unstable,#MAXV#,Unknown
884,openssl,CVE-2019-1563,debian:unstable,#MAXV#,Unknown
885,openssl,CVE-2019-1549,debian:unstable,#MAXV#,Negligible
886,openssl,CVE-2019-1547,debian:unstable,#MAXV#,Unknown
887,openssl,CVE-2019-1563,debian:unstable,#MAXV#,Unknown
888,openssl,CVE-2019-1563,debian:unstable,#MAXV#,Medium
889,openssl,CVE-2019-1547,debian:unstable,#MAXV#,Low
890,openssl,CVE-2019-1549,debian:unstable,#MAXV#,Medium
891,openssl,CVE-2019-1547,debian:unstable,1.1.1d-1,Low
892,openssl,CVE-2019-1549,debian:unstable,1.1.1d-1,Medium
893,openssl,CVE-2019-1563,debian:unstable,1.1.1d-1,Medium
894,openssl,CVE-2016-2183,ubuntu:17.10,1.0.2g-1ubuntu9,Low
895,openssl,CVE-2014-3568,ubuntu:17.10,1.0.1f-1ubuntu9,Low
896,openssl,CVE-2016-2105,ubuntu:17.10,1.0.2g-1ubuntu5,Low
897,openssl,CVE-2015-1789,ubuntu:17.10,1.0.2c-1ubuntu1,Medium
898,openssl,CVE-2015-1792,ubuntu:17.10,1.0.2c-1ubuntu1,Medium
899,openssl,CVE-2018-0737,ubuntu:17.10,1.0.2g-1ubuntu13.6,Low
900,openssl,CVE-2015-0293,ubuntu:17.10,1.0.1f-1ubuntu11,Medium
901,openssl,CVE-2015-0289,ubuntu:17.10,1.0.1f-1ubuntu11,Medium
902,openssl,CVE-2016-2108,ubuntu:17.10,1.0.2g-1ubuntu5,High
903,openssl,CVE-2015-1790,ubuntu:17.10,1.0.2c-1ubuntu1,Medium
904,openssl,CVE-2014-3506,ubuntu:17.10,1.0.1f-1ubuntu7,Medium
905,openssl,CVE-2016-2842,ubuntu:17.10,1.0.2g-1ubuntu2,Medium
906,openssl,CVE-2018-0739,ubuntu:17.10,1.0.2g-1ubuntu13.4,Medium
907,openssl,CVE-2016-6302,ubuntu:17.10,1.0.2g-1ubuntu9,Low
908,openssl,CVE-2016-2177,ubuntu:17.10,1.0.2g-1ubuntu9,Low
909,openssl,CVE-2018-0732,ubuntu:17.10,1.0.2g-1ubuntu13.6,Low
910,openssl,CVE-2016-2180,ubuntu:17.10,1.0.2g-1ubuntu9,Low
911,openssl,CVE-2016-6304,ubuntu:17.10,1.0.2g-1ubuntu9,High
912,openssl,CVE-2016-2107,ubuntu:17.10,1.0.2g-1ubuntu5,High
913,openssl,CVE-2015-0286,ubuntu:17.10,1.0.1f-1ubuntu11,Medium
914,openssl,CVE-2014-3508,ubuntu:17.10,1.0.1f-1ubuntu7,Medium
915,openssl,CVE-2015-0204,ubuntu:17.10,1.0.1f-1ubuntu10,Low
916,openssl,CVE-2017-3735,ubuntu:17.10,1.0.2g-1ubuntu13.2,Low
917,openssl,CVE-2014-3566,ubuntu:17.10,1.0.1f-1ubuntu9,Medium
918,openssl,CVE-2016-8610,ubuntu:17.10,1.0.2g-1ubuntu11,Low
919,openssl,CVE-2018-0495,ubuntu:17.10,1.0.2g-1ubuntu13.6,Low
920,openssl,CVE-2016-2179,ubuntu:17.10,1.0.2g-1ubuntu9,Low
921,openssl,CVE-2014-8275,ubuntu:17.10,1.0.1f-1ubuntu10,Low
922,openssl,CVE-2017-3731,ubuntu:17.10,1.0.2g-1ubuntu11,Medium
923,openssl,CVE-2016-2109,ubuntu:17.10,1.0.2g-1ubuntu5,Medium
924,openssl,CVE-2015-0287,ubuntu:17.10,1.0.1f-1ubuntu11,Medium
925,openssl,CVE-2014-3567,ubuntu:17.10,1.0.1f-1ubuntu9,Medium
926,openssl,CVE-2017-3736,ubuntu:17.10,1.0.2g-1ubuntu13.2,Medium
927,openssl,CVE-2015-1791,ubuntu:17.10,1.0.2c-1ubuntu1,Medium
928,openssl,CVE-2016-6306,ubuntu:17.10,1.0.2g-1ubuntu9,Medium
929,openssl,CVE-2014-3572,ubuntu:17.10,1.0.1f-1ubuntu10,Low
930,openssl,CVE-2016-2182,ubuntu:17.10,1.0.2g-1ubuntu9,Low
931,openssl,CVE-2015-3195,ubuntu:17.10,1.0.2e-1ubuntu1,Medium
932,openssl,CVE-2017-3738,ubuntu:17.10,1.0.2g-1ubuntu13.3,Low
933,openssl,CVE-2016-2106,ubuntu:17.10,1.0.2g-1ubuntu5,Low
934,openssl,CVE-2015-0209,ubuntu:17.10,1.0.1f-1ubuntu11,Low
935,openssl,CVE-2015-0292,ubuntu:17.10,1.0.1f-1ubuntu11,Medium
936,openssl,CVE-2016-6303,ubuntu:17.10,1.0.2g-1ubuntu9,Medium
937,openssl,CVE-2014-3505,ubuntu:17.10,1.0.1f-1ubuntu7,Medium
938,openssl,CVE-2014-3507,ubuntu:17.10,1.0.1f-1ubuntu7,Medium
939,openssl,CVE-2014-3510,ubuntu:17.10,1.0.1f-1ubuntu7,Medium
940,openssl,CVE-2016-2178,ubuntu:17.10,1.0.2g-1ubuntu9,Low
941,openssl,CVE-2015-1788,ubuntu:17.10,1.0.2c-1ubuntu1,Medium
942,openssl,CVE-2016-0797,ubuntu:17.10,1.0.2g-1ubuntu2,Low
943,openssl,CVE-2014-3569,ubuntu:17.10,1.0.1f-1ubuntu10,Low
944,openssl,CVE-2016-2181,ubuntu:17.10,1.0.2g-1ubuntu9,Low
945,openssl,CVE-2015-0288,ubuntu:17.10,1.0.1f-1ubuntu11,Low
946,openssl,CVE-2014-3570,ubuntu:17.10,1.0.1f-1ubuntu10,Low
947,openssl,CVE-2016-0702,ubuntu:17.10,1.0.2g-1ubuntu2,Low
948,openssl,CVE-2016-0799,ubuntu:17.10,1.0.2g-1ubuntu2,Low
949,openssl,CVE-2017-3737,ubuntu:17.10,1.0.2g-1ubuntu13.3,Medium
950,openssl,CVE-2014-3571,ubuntu:17.10,1.0.1f-1ubuntu10,Medium
951,openssl,CVE-2016-2182,ubuntu:17.04,1.0.2g-1ubuntu9,Low
952,openssl,CVE-2016-2180,ubuntu:17.04,1.0.2g-1ubuntu9,Low
953,openssl,CVE-2015-0204,ubuntu:17.04,1.0.1f-1ubuntu10,Low
954,openssl,CVE-2016-2183,ubuntu:17.04,1.0.2g-1ubuntu9,Low
955,openssl,CVE-2014-8275,ubuntu:17.04,1.0.1f-1ubuntu10,Low
956,openssl,CVE-2015-0292,ubuntu:17.04,1.0.1f-1ubuntu11,Medium
957,openssl,CVE-2016-2842,ubuntu:17.04,1.0.2g-1ubuntu2,Medium
958,openssl,CVE-2015-1791,ubuntu:17.04,1.0.2c-1ubuntu1,Medium
959,openssl,CVE-2016-0702,ubuntu:17.04,1.0.2g-1ubuntu2,Low
960,openssl,CVE-2016-2106,ubuntu:17.04,1.0.2g-1ubuntu5,Low
961,openssl,CVE-2015-0288,ubuntu:17.04,1.0.1f-1ubuntu11,Low
962,openssl,CVE-2015-0289,ubuntu:17.04,1.0.1f-1ubuntu11,Medium
963,openssl,CVE-2016-2181,ubuntu:17.04,1.0.2g-1ubuntu9,Low
964,openssl,CVE-2015-0293,ubuntu:17.04,1.0.1f-1ubuntu11,Medium
965,openssl,CVE-2016-2108,ubuntu:17.04,1.0.2g-1ubuntu5,High
966,openssl,CVE-2016-2109,ubuntu:17.04,1.0.2g-1ubuntu5,Medium
967,openssl,CVE-2014-3505,ubuntu:17.04,1.0.1f-1ubuntu7,Medium
968,openssl,CVE-2016-2179,ubuntu:17.04,1.0.2g-1ubuntu9,Low
969,openssl,CVE-2017-3735,ubuntu:17.04,1.0.2g-1ubuntu11.3,Low
970,openssl,CVE-2015-1792,ubuntu:17.04,1.0.2c-1ubuntu1,Medium
971,openssl,CVE-2015-0209,ubuntu:17.04,1.0.1f-1ubuntu11,Low
972,openssl,CVE-2014-3507,ubuntu:17.04,1.0.1f-1ubuntu7,Medium
973,openssl,CVE-2016-2107,ubuntu:17.04,1.0.2g-1ubuntu5,High
974,openssl,CVE-2014-3571,ubuntu:17.04,1.0.1f-1ubuntu10,Medium
975,openssl,CVE-2015-0287,ubuntu:17.04,1.0.1f-1ubuntu11,Medium
976,openssl,CVE-2014-3506,ubuntu:17.04,1.0.1f-1ubuntu7,Medium
977,openssl,CVE-2016-6302,ubuntu:17.04,1.0.2g-1ubuntu9,Low
978,openssl,CVE-2014-3567,ubuntu:17.04,1.0.1f-1ubuntu9,Medium
979,openssl,CVE-2016-6303,ubuntu:17.04,1.0.2g-1ubuntu9,Medium
980,openssl,CVE-2014-3566,ubuntu:17.04,1.0.1f-1ubuntu9,Medium
981,openssl,CVE-2016-2177,ubuntu:17.04,1.0.2g-1ubuntu9,Low
982,openssl,CVE-2015-0286,ubuntu:17.04,1.0.1f-1ubuntu11,Medium
983,openssl,CVE-2016-0797,ubuntu:17.04,1.0.2g-1ubuntu2,Low
984,openssl,CVE-2015-3195,ubuntu:17.04,1.0.2e-1ubuntu1,Medium
985,openssl,CVE-2014-3569,ubuntu:17.04,1.0.1f-1ubuntu10,Low
986,openssl,CVE-2016-2178,ubuntu:17.04,1.0.2g-1ubuntu9,Low
987,openssl,CVE-2015-1790,ubuntu:17.04,1.0.2c-1ubuntu1,Medium
988,openssl,CVE-2016-6306,ubuntu:17.04,1.0.2g-1ubuntu9,Medium
989,openssl,CVE-2015-1788,ubuntu:17.04,1.0.2c-1ubuntu1,Medium
990,openssl,CVE-2016-6304,ubuntu:17.04,1.0.2g-1ubuntu9,High
991,openssl,CVE-2017-3738,ubuntu:17.04,1.0.2g-1ubuntu11.4,Low
992,openssl,CVE-2016-8610,ubuntu:17.04,1.0.2g-1ubuntu11,Low
993,openssl,CVE-2017-3731,ubuntu:17.04,1.0.2g-1ubuntu11,Medium
994,openssl,CVE-2016-0799,ubuntu:17.04,1.0.2g-1ubuntu2,Low
995,openssl,CVE-2016-2105,ubuntu:17.04,1.0.2g-1ubuntu5,Low
996,openssl,CVE-2014-3572,ubuntu:17.04,1.0.1f-1ubuntu10,Low
997,openssl,CVE-2017-3736,ubuntu:17.04,1.0.2g-1ubuntu11.3,Medium
998,openssl,CVE-2014-3570,ubuntu:17.04,1.0.1f-1ubuntu10,Low
999,openssl,CVE-2017-3737,ubuntu:17.04,1.0.2g-1ubuntu11.4,Medium
1000,openssl,CVE-2014-3508,ubuntu:17.04,1.0.1f-1ubuntu7,Medium
1001,openssl,CVE-2014-3510,ubuntu:17.04,1.0.1f-1ubuntu7,Medium
1002,openssl,CVE-2014-3568,ubuntu:17.04,1.0.1f-1ubuntu9,Low
1003,openssl,CVE-2015-1789,ubuntu:17.04,1.0.2c-1ubuntu1,Medium
1004,openssl,CVE-2016-2181,ubuntu:14.04,1.0.1f-1ubuntu2.20,Low
1005,openssl,CVE-2018-5407,ubuntu:14.04,1.0.1f-1ubuntu2.27,Low
1006,openssl,CVE-2015-0289,ubuntu:14.04,1.0.1f-1ubuntu2.11,Medium
1007,openssl,CVE-2014-3512,ubuntu:14.04,1.0.1f-1ubuntu2.5,Medium
1008,openssl,CVE-2015-0288,ubuntu:14.04,1.0.1f-1ubuntu2.11,Low
1009,openssl,CVE-2015-4000,ubuntu:14.04,1.0.1f-1ubuntu2.12,Medium
1010,openssl,CVE-2016-2106,ubuntu:14.04,1.0.1f-1ubuntu2.19,Low
1011,openssl,CVE-2016-0702,ubuntu:14.04,1.0.1f-1ubuntu2.18,Low
1012,openssl,CVE-2019-1559,ubuntu:14.04,#MAXV#,Medium
1013,openssl,CVE-2014-3470,ubuntu:14.04,1.0.1f-1ubuntu2.2,Medium
1014,openssl,CVE-2015-1791,ubuntu:14.04,1.0.1f-1ubuntu2.15,Medium
1015,openssl,CVE-2016-2842,ubuntu:14.04,1.0.1f-1ubuntu2.18,Medium
1016,openssl,CVE-2015-0292,ubuntu:14.04,1.0.1f-1ubuntu2.11,Medium
1017,openssl,CVE-2015-0205,ubuntu:14.04,1.0.1f-1ubuntu2.8,Low
1018,openssl,CVE-2013-0169,ubuntu:14.04,1.0.1c-4ubuntu8,Medium
1019,openssl,CVE-2014-8275,ubuntu:14.04,1.0.1f-1ubuntu2.8,Low
1020,openssl,CVE-2016-2183,ubuntu:14.04,1.0.1f-1ubuntu2.20,Low
1021,openssl,CVE-2015-0204,ubuntu:14.04,1.0.1f-1ubuntu2.8,Low
1022,openssl,CVE-2016-2180,ubuntu:14.04,1.0.1f-1ubuntu2.20,Low
1023,openssl,CVE-2016-2182,ubuntu:14.04,1.0.1f-1ubuntu2.20,Low
1024,openssl,CVE-2016-0798,ubuntu:14.04,1.0.1f-1ubuntu2.18,Low
1025,openssl,CVE-2015-1789,ubuntu:14.04,1.0.1f-1ubuntu2.15,Medium
1026,openssl,CVE-2015-3194,ubuntu:14.04,1.0.1f-1ubuntu2.16,Medium
1027,openssl,CVE-2014-3568,ubuntu:14.04,1.0.1f-1ubuntu2.7,Low
1028,openssl,CVE-2014-3510,ubuntu:14.04,1.0.1f-1ubuntu2.5,Medium
1029,openssl,CVE-2014-8176,ubuntu:14.04,1.0.1f-1ubuntu2.15,Medium
1030,openssl,CVE-2014-3508,ubuntu:14.04,1.0.1f-1ubuntu2.5,Medium
1031,openssl,CVE-2014-3511,ubuntu:14.04,1.0.1f-1ubuntu2.5,Medium
1032,openssl,CVE-2014-3570,ubuntu:14.04,1.0.1f-1ubuntu2.8,Low
1033,openssl,CVE-2014-3572,ubuntu:14.04,1.0.1f-1ubuntu2.8,Low
1034,openssl,CVE-2016-2105,ubuntu:14.04,1.0.1f-1ubuntu2.19,Low
1035,openssl,CVE-2016-0799,ubuntu:14.04,1.0.1f-1ubuntu2.18,Low
1036,openssl,CVE-2017-3731,ubuntu:14.04,1.0.1f-1ubuntu2.22,Medium
1037,openssl,CVE-2016-8610,ubuntu:14.04,1.0.1f-1ubuntu2.22,Low
1038,openssl,CVE-2014-3513,ubuntu:14.04,1.0.1f-1ubuntu2.7,Medium
1039,openssl,CVE-2016-6304,ubuntu:14.04,1.0.1f-1ubuntu2.20,High
1040,openssl,CVE-2015-1788,ubuntu:14.04,1.0.1f-1ubuntu2.15,Medium
1041,openssl,CVE-2016-6306,ubuntu:14.04,1.0.1f-1ubuntu2.20,Medium
1042,openssl,CVE-2015-1790,ubuntu:14.04,1.0.1f-1ubuntu2.15,Medium
1043,openssl,CVE-2018-0737,ubuntu:14.04,1.0.1f-1ubuntu2.26,Low
1044,openssl,CVE-2015-0206,ubuntu:14.04,1.0.1f-1ubuntu2.8,Medium
1045,openssl,CVE-2010-5298,ubuntu:14.04,1.0.1f-1ubuntu2.1,Low
1046,openssl,CVE-2016-2178,ubuntu:14.04,1.0.1f-1ubuntu2.20,Low
1047,openssl,CVE-2014-3569,ubuntu:14.04,1.0.1f-1ubuntu2.8,Low
1048,openssl,CVE-2015-3195,ubuntu:14.04,1.0.1f-1ubuntu2.16,Medium
1049,openssl,CVE-2015-0286,ubuntu:14.04,1.0.1f-1ubuntu2.11,Medium
1050,openssl,CVE-2016-0797,ubuntu:14.04,1.0.1f-1ubuntu2.18,Low
1051,openssl,CVE-2018-0732,ubuntu:14.04,1.0.1f-1ubuntu2.26,Low
1052,openssl,CVE-2016-2177,ubuntu:14.04,1.0.1f-1ubuntu2.22,Low
1053,openssl,CVE-2014-3566,ubuntu:14.04,1.0.1f-1ubuntu2.7,Medium
1054,openssl,CVE-2012-2333,ubuntu:14.04,1.0.1-4ubuntu6,Medium
1055,openssl,CVE-2014-5139,ubuntu:14.04,1.0.1f-1ubuntu2.5,Medium
1056,openssl,CVE-2016-6303,ubuntu:14.04,1.0.1f-1ubuntu2.20,Medium
1057,openssl,CVE-2016-7056,ubuntu:14.04,1.0.1f-1ubuntu2.22,Medium
1058,openssl,CVE-2018-0739,ubuntu:14.04,1.0.1f-1ubuntu2.24,Medium
1059,openssl,CVE-2018-0495,ubuntu:14.04,1.0.1f-1ubuntu2.26,Low
1060,openssl,CVE-2014-3567,ubuntu:14.04,1.0.1f-1ubuntu2.7,Medium
1061,openssl,CVE-2016-6302,ubuntu:14.04,1.0.1f-1ubuntu2.20,Low
1062,openssl,CVE-2014-3506,ubuntu:14.04,1.0.1f-1ubuntu2.5,Medium
1063,openssl,CVE-2015-0287,ubuntu:14.04,1.0.1f-1ubuntu2.11,Medium
1064,openssl,CVE-2014-3571,ubuntu:14.04,1.0.1f-1ubuntu2.8,Medium
1065,openssl,CVE-2016-2107,ubuntu:14.04,1.0.1f-1ubuntu2.19,High
1066,openssl,CVE-2018-0734,ubuntu:14.04,1.0.1f-1ubuntu2.27,Low
1067,openssl,CVE-2014-0195,ubuntu:14.04,1.0.1f-1ubuntu2.2,Medium
1068,openssl,CVE-2014-0198,ubuntu:14.04,1.0.1f-1ubuntu2.1,Medium
1069,openssl,CVE-2014-3507,ubuntu:14.04,1.0.1f-1ubuntu2.5,Medium
1070,openssl,CVE-2016-0705,ubuntu:14.04,1.0.1f-1ubuntu2.18,Low
1071,openssl,CVE-2013-0166,ubuntu:14.04,1.0.1c-4ubuntu4,Medium
1072,openssl,CVE-2015-0209,ubuntu:14.04,1.0.1f-1ubuntu2.11,Low
1073,openssl,CVE-2015-1792,ubuntu:14.04,1.0.1f-1ubuntu2.15,Medium
1074,openssl,CVE-2014-3509,ubuntu:14.04,1.0.1f-1ubuntu2.5,Medium
1075,openssl,CVE-2017-3735,ubuntu:14.04,1.0.1f-1ubuntu2.23,Low
1076,openssl,CVE-2016-2179,ubuntu:14.04,1.0.1f-1ubuntu2.20,Low
1077,openssl,CVE-2014-3505,ubuntu:14.04,1.0.1f-1ubuntu2.5,Medium
1078,openssl,CVE-2016-2109,ubuntu:14.04,1.0.1f-1ubuntu2.19,Medium
1079,openssl,CVE-2015-3196,ubuntu:14.04,1.0.1f-1ubuntu2.16,Low
1080,openssl,CVE-2014-0224,ubuntu:14.04,1.0.1f-1ubuntu2.2,Medium
1081,openssl,CVE-2016-2108,ubuntu:14.04,1.0.1f-1ubuntu2.19,High
1082,openssl,CVE-2015-0293,ubuntu:14.04,1.0.1f-1ubuntu2.11,Medium
1083,openssl,CVE-2014-0221,ubuntu:14.04,1.0.1f-1ubuntu2.2,Medium
1084,openssl,CVE-2019-1563,ubuntu:14.04,#MAXV#,Medium
1085,openssl,CVE-2019-1547,ubuntu:14.04,#MAXV#,Medium
1086,openssl,CVE-2019-1547,ubuntu:14.04,#MAXV#,Low
1087,openssl,CVE-2019-1563,ubuntu:14.04,#MAXV#,Low
1088,openssl,CVE-2016-2108,ubuntu:15.10,1.0.2d-0ubuntu1.5,High
1089,openssl,CVE-2015-1790,ubuntu:15.10,1.0.2c-1ubuntu1,Medium
1090,openssl,CVE-2014-3566,ubuntu:15.10,1.0.1f-1ubuntu9,Medium
1091,openssl,CVE-2015-0204,ubuntu:15.10,1.0.1f-1ubuntu10,Low
1092,openssl,CVE-2015-0286,ubuntu:15.10,1.0.1f-1ubuntu11,Medium
1093,openssl,CVE-2015-3193,ubuntu:15.10,1.0.2d-0ubuntu1.2,Medium
1094,openssl,CVE-2016-2107,ubuntu:15.10,1.0.2d-0ubuntu1.5,High
1095,openssl,CVE-2014-3508,ubuntu:15.10,1.0.1f-1ubuntu7,Medium
1096,openssl,CVE-2014-3571,ubuntu:15.10,1.0.1f-1ubuntu10,Medium
1097,openssl,CVE-2016-0702,ubuntu:15.10,1.0.2d-0ubuntu1.4,Low
1098,openssl,CVE-2016-0799,ubuntu:15.10,1.0.2d-0ubuntu1.4,Low
1099,openssl,CVE-2015-0288,ubuntu:15.10,1.0.1f-1ubuntu11,Low
1100,openssl,CVE-2014-3570,ubuntu:15.10,1.0.1f-1ubuntu10,Low
1101,openssl,CVE-2015-1789,ubuntu:15.10,1.0.2c-1ubuntu1,Medium
1102,openssl,CVE-2015-1792,ubuntu:15.10,1.0.2c-1ubuntu1,Medium
1103,openssl,CVE-2016-2105,ubuntu:15.10,1.0.2d-0ubuntu1.5,Low
1104,openssl,CVE-2016-0798,ubuntu:15.10,1.0.2d-0ubuntu1.4,Low
1105,openssl,CVE-2014-3568,ubuntu:15.10,1.0.1f-1ubuntu9,Low
1106,openssl,CVE-2016-0701,ubuntu:15.10,1.0.2d-0ubuntu1.3,Medium
1107,openssl,CVE-2014-3505,ubuntu:15.10,1.0.1f-1ubuntu7,Medium
1108,openssl,CVE-2014-3510,ubuntu:15.10,1.0.1f-1ubuntu7,Medium
1109,openssl,CVE-2014-3507,ubuntu:15.10,1.0.1f-1ubuntu7,Medium
1110,openssl,CVE-2015-0292,ubuntu:15.10,1.0.1f-1ubuntu11,Medium
1111,openssl,CVE-2016-2106,ubuntu:15.10,1.0.2d-0ubuntu1.5,Low
1112,openssl,CVE-2015-0209,ubuntu:15.10,1.0.1f-1ubuntu11,Low
1113,openssl,CVE-2015-3194,ubuntu:15.10,1.0.2d-0ubuntu1.2,Medium
1114,openssl,CVE-2015-3195,ubuntu:15.10,1.0.2d-0ubuntu1.2,Medium
1115,openssl,CVE-2014-3569,ubuntu:15.10,1.0.1f-1ubuntu10,Low
1116,openssl,CVE-2015-1788,ubuntu:15.10,1.0.2c-1ubuntu1,Medium
1117,openssl,CVE-2016-0797,ubuntu:15.10,1.0.2d-0ubuntu1.4,Low
1118,openssl,CVE-2015-0287,ubuntu:15.10,1.0.1f-1ubuntu11,Medium
1119,openssl,CVE-2014-3567,ubuntu:15.10,1.0.1f-1ubuntu9,Medium
1120,openssl,CVE-2014-8275,ubuntu:15.10,1.0.1f-1ubuntu10,Low
1121,openssl,CVE-2016-2109,ubuntu:15.10,1.0.2d-0ubuntu1.5,Medium
1122,openssl,CVE-2014-3572,ubuntu:15.10,1.0.1f-1ubuntu10,Low
1123,openssl,CVE-2016-0705,ubuntu:15.10,1.0.2d-0ubuntu1.4,Low
1124,openssl,CVE-2015-1794,ubuntu:15.10,1.0.2d-0ubuntu1.2,Low
1125,openssl,CVE-2015-1791,ubuntu:15.10,1.0.2c-1ubuntu1,Medium
1126,openssl,CVE-2016-2842,ubuntu:15.10,1.0.2d-0ubuntu1.4,Medium
1127,openssl,CVE-2014-3506,ubuntu:15.10,1.0.1f-1ubuntu7,Medium
1128,openssl,CVE-2015-0293,ubuntu:15.10,1.0.1f-1ubuntu11,Medium
1129,openssl,CVE-2015-0289,ubuntu:15.10,1.0.1f-1ubuntu11,Medium
1130,openssl,CVE-2014-3506,ubuntu:12.04,1.0.1-4ubuntu5.17,Medium
1131,openssl,CVE-2016-2107,ubuntu:12.04,1.0.1-4ubuntu5.36,High
1132,openssl,CVE-2014-3571,ubuntu:12.04,1.0.1-4ubuntu5.21,Medium
1133,openssl,CVE-2016-6302,ubuntu:12.04,1.0.1-4ubuntu5.37,Low
1134,openssl,CVE-2014-3567,ubuntu:12.04,1.0.1-4ubuntu5.20,Medium
1135,openssl,CVE-2018-0739,ubuntu:12.04,1.0.1-4ubuntu5.40,Medium
1136,openssl,CVE-2018-0495,ubuntu:12.04,1.0.1-4ubuntu5.43,Low
1137,openssl,CVE-2014-5139,ubuntu:12.04,1.0.1-4ubuntu5.17,Medium
1138,openssl,CVE-2016-6303,ubuntu:12.04,1.0.1-4ubuntu5.37,Medium
1139,openssl,CVE-2016-7056,ubuntu:12.04,1.0.1-4ubuntu5.39,Medium
1140,openssl,CVE-2016-2177,ubuntu:12.04,1.0.1-4ubuntu5.39,Low
1141,openssl,CVE-2014-3566,ubuntu:12.04,1.0.1-4ubuntu5.20,Medium
1142,openssl,CVE-2012-2333,ubuntu:12.04,1.0.1-4ubuntu5.2,Medium
1143,openssl,CVE-2018-0732,ubuntu:12.04,1.0.1-4ubuntu5.43,Low
1144,openssl,CVE-2016-0797,ubuntu:12.04,1.0.1-4ubuntu5.35,Low
1145,openssl,CVE-2015-0286,ubuntu:12.04,1.0.1-4ubuntu5.25,Medium
1146,openssl,CVE-2013-6450,ubuntu:12.04,1.0.1-4ubuntu5.11,Medium
1147,openssl,CVE-2015-3195,ubuntu:12.04,1.0.1-4ubuntu5.32,Medium
1148,openssl,CVE-2016-2178,ubuntu:12.04,1.0.1-4ubuntu5.37,Low
1149,openssl,CVE-2014-3569,ubuntu:12.04,1.0.1-4ubuntu5.21,Low
1150,openssl,CVE-2016-6306,ubuntu:12.04,1.0.1-4ubuntu5.37,Medium
1151,openssl,CVE-2015-1790,ubuntu:12.04,1.0.1-4ubuntu5.31,Medium
1152,openssl,CVE-2015-0206,ubuntu:12.04,1.0.1-4ubuntu5.21,Medium
1153,openssl,CVE-2010-5298,ubuntu:12.04,1.0.1-4ubuntu5.13,Low
1154,openssl,CVE-2018-0737,ubuntu:12.04,1.0.1-4ubuntu5.41,Low
1155,openssl,CVE-2015-1788,ubuntu:12.04,1.0.1-4ubuntu5.31,Medium
1156,openssl,CVE-2016-6304,ubuntu:12.04,1.0.1-4ubuntu5.37,High
1157,openssl,CVE-2017-3731,ubuntu:12.04,1.0.1-4ubuntu5.39,Medium
1158,openssl,CVE-2016-8610,ubuntu:12.04,1.0.1-4ubuntu5.39,Low
1159,openssl,CVE-2014-3513,ubuntu:12.04,1.0.1-4ubuntu5.20,Medium
1160,openssl,CVE-2014-3570,ubuntu:12.04,1.0.1-4ubuntu5.21,Low
1161,openssl,CVE-2014-3572,ubuntu:12.04,1.0.1-4ubuntu5.21,Low
1162,openssl,CVE-2016-2105,ubuntu:12.04,1.0.1-4ubuntu5.36,Low
1163,openssl,CVE-2016-0799,ubuntu:12.04,1.0.1-4ubuntu5.35,Low
1164,openssl,CVE-2014-3511,ubuntu:12.04,1.0.1-4ubuntu5.17,Medium
1165,openssl,CVE-2014-0160,ubuntu:12.04,1.0.1-4ubuntu5.12,High
1166,openssl,CVE-2015-7575,ubuntu:12.04,1.0.1-4ubuntu5.33,Medium
1167,openssl,CVE-2015-3194,ubuntu:12.04,1.0.1-4ubuntu5.32,Medium
1168,openssl,CVE-2014-3510,ubuntu:12.04,1.0.1-4ubuntu5.17,Medium
1169,openssl,CVE-2014-3568,ubuntu:12.04,1.0.1-4ubuntu5.20,Low
1170,openssl,CVE-2014-3508,ubuntu:12.04,1.0.1-4ubuntu5.17,Medium
1171,openssl,CVE-2014-8176,ubuntu:12.04,1.0.1-4ubuntu5.31,Medium
1172,openssl,CVE-2012-4929,ubuntu:12.04,1.0.1-4ubuntu5.10,Medium
1173,openssl,CVE-2016-2180,ubuntu:12.04,1.0.1-4ubuntu5.37,Low
1174,openssl,CVE-2015-0204,ubuntu:12.04,1.0.1-4ubuntu5.21,Low
1175,openssl,CVE-2016-2182,ubuntu:12.04,1.0.1-4ubuntu5.37,Low
1176,openssl,CVE-2016-0798,ubuntu:12.04,1.0.1-4ubuntu5.35,Low
1177,openssl,CVE-2015-1789,ubuntu:12.04,1.0.1-4ubuntu5.31,Medium
1178,openssl,CVE-2014-8275,ubuntu:12.04,1.0.1-4ubuntu5.21,Low
1179,openssl,CVE-2016-2183,ubuntu:12.04,1.0.1-4ubuntu5.37,Low
1180,openssl,CVE-2013-0169,ubuntu:12.04,1.0.1-4ubuntu5.8,Medium
1181,openssl,CVE-2015-1791,ubuntu:12.04,1.0.1-4ubuntu5.31,Medium
1182,openssl,CVE-2016-2842,ubuntu:12.04,1.0.1-4ubuntu5.35,Medium
1183,openssl,CVE-2015-0292,ubuntu:12.04,1.0.1-4ubuntu5.25,Medium
1184,openssl,CVE-2013-6449,ubuntu:12.04,1.0.1-4ubuntu5.11,Medium
1185,openssl,CVE-2014-3470,ubuntu:12.04,1.0.1-4ubuntu5.14,Medium
1186,openssl,CVE-2016-0702,ubuntu:12.04,1.0.1-4ubuntu5.35,Low
1187,openssl,CVE-2019-1559,ubuntu:12.04,#MAXV#,Medium
1188,openssl,CVE-2015-0289,ubuntu:12.04,1.0.1-4ubuntu5.25,Medium
1189,openssl,CVE-2014-3512,ubuntu:12.04,1.0.1-4ubuntu5.17,Medium
1190,openssl,CVE-2015-0288,ubuntu:12.04,1.0.1-4ubuntu5.25,Low
1191,openssl,CVE-2016-2106,ubuntu:12.04,1.0.1-4ubuntu5.36,Low
1192,openssl,CVE-2015-4000,ubuntu:12.04,1.0.1-4ubuntu5.28,Medium
1193,openssl,CVE-2016-2108,ubuntu:12.04,1.0.1-4ubuntu5.36,High
1194,openssl,CVE-2014-0224,ubuntu:12.04,1.0.1-4ubuntu5.14,Medium
1195,openssl,CVE-2015-0293,ubuntu:12.04,1.0.1-4ubuntu5.25,Medium
1196,openssl,CVE-2016-2181,ubuntu:12.04,1.0.1-4ubuntu5.37,Low
1197,openssl,CVE-2014-0221,ubuntu:12.04,1.0.1-4ubuntu5.14,Medium
1198,openssl,CVE-2016-2179,ubuntu:12.04,1.0.1-4ubuntu5.37,Low
1199,openssl,CVE-2016-2109,ubuntu:12.04,1.0.1-4ubuntu5.36,Medium
1200,openssl,CVE-2014-3505,ubuntu:12.04,1.0.1-4ubuntu5.17,Medium
1201,openssl,CVE-2015-3196,ubuntu:12.04,1.0.1-4ubuntu5.32,Low
1202,openssl,CVE-2015-1792,ubuntu:12.04,1.0.1-4ubuntu5.31,Medium
1203,openssl,CVE-2014-3509,ubuntu:12.04,1.0.1-4ubuntu5.17,Medium
1204,openssl,CVE-2017-3735,ubuntu:12.04,1.0.1-4ubuntu5.40,Low
1205,openssl,CVE-2013-0166,ubuntu:12.04,1.0.1-4ubuntu5.6,Medium
1206,openssl,CVE-2015-0209,ubuntu:12.04,1.0.1-4ubuntu5.25,Low
1207,openssl,CVE-2014-3507,ubuntu:12.04,1.0.1-4ubuntu5.17,Medium
1208,openssl,CVE-2016-0705,ubuntu:12.04,1.0.1-4ubuntu5.35,Low
1209,openssl,CVE-2014-0076,ubuntu:12.04,1.0.1-4ubuntu5.12,Medium
1210,openssl,CVE-2014-0195,ubuntu:12.04,1.0.1-4ubuntu5.14,Medium
1211,openssl,CVE-2014-0198,ubuntu:12.04,1.0.1-4ubuntu5.13,Medium
1212,openssl,CVE-2018-0734,ubuntu:12.04,#MAXV#,Low
1213,openssl,CVE-2012-2686,ubuntu:12.04,1.0.1-4ubuntu5.8,Medium
1214,openssl,CVE-2013-4353,ubuntu:12.04,1.0.1-4ubuntu5.11,Medium
1215,openssl,CVE-2015-0287,ubuntu:12.04,1.0.1-4ubuntu5.25,Medium
1216,openssl,CVE-2016-2105,ubuntu:16.10,1.0.2g-1ubuntu5,Low
1217,openssl,CVE-2015-0288,ubuntu:16.10,1.0.1f-1ubuntu11,Low
1218,openssl,CVE-2014-3570,ubuntu:16.10,1.0.1f-1ubuntu10,Low
1219,openssl,CVE-2016-0702,ubuntu:16.10,1.0.2g-1ubuntu2,Low
1220,openssl,CVE-2016-0799,ubuntu:16.10,1.0.2g-1ubuntu2,Low
1221,openssl,CVE-2014-3571,ubuntu:16.10,1.0.1f-1ubuntu10,Medium
1222,openssl,CVE-2016-2183,ubuntu:16.10,1.0.2g-1ubuntu9,Low
1223,openssl,CVE-2015-0286,ubuntu:16.10,1.0.1f-1ubuntu11,Medium
1224,openssl,CVE-2016-6304,ubuntu:16.10,1.0.2g-1ubuntu9,High
1225,openssl,CVE-2016-2107,ubuntu:16.10,1.0.2g-1ubuntu5,High
1226,openssl,CVE-2014-3508,ubuntu:16.10,1.0.1f-1ubuntu7,Medium
1227,openssl,CVE-2015-0204,ubuntu:16.10,1.0.1f-1ubuntu10,Low
1228,openssl,CVE-2016-7055,ubuntu:16.10,1.0.2g-1ubuntu9.1,Low
1229,openssl,CVE-2014-3566,ubuntu:16.10,1.0.1f-1ubuntu9,Medium
1230,openssl,CVE-2016-8610,ubuntu:16.10,1.0.2g-1ubuntu9.1,Low
1231,openssl,CVE-2015-0293,ubuntu:16.10,1.0.1f-1ubuntu11,Medium
1232,openssl,CVE-2015-0289,ubuntu:16.10,1.0.1f-1ubuntu11,Medium
1233,openssl,CVE-2015-1790,ubuntu:16.10,1.0.2c-1ubuntu1,Medium
1234,openssl,CVE-2016-2108,ubuntu:16.10,1.0.2g-1ubuntu5,High
1235,openssl,CVE-2016-2842,ubuntu:16.10,1.0.2g-1ubuntu2,Medium
1236,openssl,CVE-2014-3506,ubuntu:16.10,1.0.1f-1ubuntu7,Medium
1237,openssl,CVE-2016-2177,ubuntu:16.10,1.0.2g-1ubuntu9,Low
1238,openssl,CVE-2016-6302,ubuntu:16.10,1.0.2g-1ubuntu9,Low
1239,openssl,CVE-2016-2180,ubuntu:16.10,1.0.2g-1ubuntu9,Low
1240,openssl,CVE-2016-6306,ubuntu:16.10,1.0.2g-1ubuntu9,Medium
1241,openssl,CVE-2015-1791,ubuntu:16.10,1.0.2c-1ubuntu1,Medium
1242,openssl,CVE-2014-3572,ubuntu:16.10,1.0.1f-1ubuntu10,Low
1243,openssl,CVE-2016-2182,ubuntu:16.10,1.0.2g-1ubuntu9,Low
1244,openssl,CVE-2016-2179,ubuntu:16.10,1.0.2g-1ubuntu9,Low
1245,openssl,CVE-2014-8275,ubuntu:16.10,1.0.1f-1ubuntu10,Low
1246,openssl,CVE-2017-3732,ubuntu:16.10,1.0.2g-1ubuntu9.1,Medium
1247,openssl,CVE-2016-2109,ubuntu:16.10,1.0.2g-1ubuntu5,Medium
1248,openssl,CVE-2017-3731,ubuntu:16.10,1.0.2g-1ubuntu9.1,Medium
1249,openssl,CVE-2015-0287,ubuntu:16.10,1.0.1f-1ubuntu11,Medium
1250,openssl,CVE-2014-3567,ubuntu:16.10,1.0.1f-1ubuntu9,Medium
1251,openssl,CVE-2016-2178,ubuntu:16.10,1.0.2g-1ubuntu9,Low
1252,openssl,CVE-2015-1788,ubuntu:16.10,1.0.2c-1ubuntu1,Medium
1253,openssl,CVE-2016-0797,ubuntu:16.10,1.0.2g-1ubuntu2,Low
1254,openssl,CVE-2016-2181,ubuntu:16.10,1.0.2g-1ubuntu9,Low
1255,openssl,CVE-2014-3569,ubuntu:16.10,1.0.1f-1ubuntu10,Low
1256,openssl,CVE-2015-3195,ubuntu:16.10,1.0.2e-1ubuntu1,Medium
1257,openssl,CVE-2016-2106,ubuntu:16.10,1.0.2g-1ubuntu5,Low
1258,openssl,CVE-2015-0209,ubuntu:16.10,1.0.1f-1ubuntu11,Low
1259,openssl,CVE-2015-0292,ubuntu:16.10,1.0.1f-1ubuntu11,Medium
1260,openssl,CVE-2014-3505,ubuntu:16.10,1.0.1f-1ubuntu7,Medium
1261,openssl,CVE-2016-6303,ubuntu:16.10,1.0.2g-1ubuntu9,Medium
1262,openssl,CVE-2014-3510,ubuntu:16.10,1.0.1f-1ubuntu7,Medium
1263,openssl,CVE-2014-3507,ubuntu:16.10,1.0.1f-1ubuntu7,Medium
1264,openssl,CVE-2014-3568,ubuntu:16.10,1.0.1f-1ubuntu9,Low
1265,openssl,CVE-2015-1792,ubuntu:16.10,1.0.2c-1ubuntu1,Medium
1266,openssl,CVE-2015-1789,ubuntu:16.10,1.0.2c-1ubuntu1,Medium
1267,openssl,CVE-2014-3566,ubuntu:18.10,1.0.1f-1ubuntu9,Medium
1268,openssl,CVE-2016-8610,ubuntu:18.10,1.0.2g-1ubuntu11,Low
1269,openssl,CVE-2015-0286,ubuntu:18.10,1.0.1f-1ubuntu11,Medium
1270,openssl,CVE-2016-6304,ubuntu:18.10,1.0.2g-1ubuntu9,High
1271,openssl,CVE-2016-2107,ubuntu:18.10,1.0.2g-1ubuntu5,High
1272,openssl,CVE-2014-3508,ubuntu:18.10,1.0.1f-1ubuntu7,Medium
1273,openssl,CVE-2017-3735,ubuntu:18.10,1.0.2g-1ubuntu14,Low
1274,openssl,CVE-2015-0204,ubuntu:18.10,1.0.1f-1ubuntu10,Low
1275,openssl,CVE-2014-3571,ubuntu:18.10,1.0.1f-1ubuntu10,Medium
1276,openssl,CVE-2016-2183,ubuntu:18.10,1.0.2g-1ubuntu9,Low
1277,openssl,CVE-2015-0288,ubuntu:18.10,1.0.1f-1ubuntu11,Low
1278,openssl,CVE-2014-3570,ubuntu:18.10,1.0.1f-1ubuntu10,Low
1279,openssl,CVE-2016-0702,ubuntu:18.10,1.0.2g-1ubuntu2,Low
1280,openssl,CVE-2016-0799,ubuntu:18.10,1.0.2g-1ubuntu2,Low
1281,openssl,CVE-2015-1789,ubuntu:18.10,1.0.2c-1ubuntu1,Medium
1282,openssl,CVE-2015-1792,ubuntu:18.10,1.0.2c-1ubuntu1,Medium
1283,openssl,CVE-2016-2105,ubuntu:18.10,1.0.2g-1ubuntu5,Low
1284,openssl,CVE-2014-3568,ubuntu:18.10,1.0.1f-1ubuntu9,Low
1285,openssl,CVE-2015-0292,ubuntu:18.10,1.0.1f-1ubuntu11,Medium
1286,openssl,CVE-2014-3505,ubuntu:18.10,1.0.1f-1ubuntu7,Medium
1287,openssl,CVE-2016-6303,ubuntu:18.10,1.0.2g-1ubuntu9,Medium
1288,openssl,CVE-2014-3510,ubuntu:18.10,1.0.1f-1ubuntu7,Medium
1289,openssl,CVE-2014-3507,ubuntu:18.10,1.0.1f-1ubuntu7,Medium
1290,openssl,CVE-2017-3738,ubuntu:18.10,1.1.0g-2ubuntu3,Low
1291,openssl,CVE-2015-3195,ubuntu:18.10,1.0.2e-1ubuntu1,Medium
1292,openssl,CVE-2016-2106,ubuntu:18.10,1.0.2g-1ubuntu5,Low
1293,openssl,CVE-2015-0209,ubuntu:18.10,1.0.1f-1ubuntu11,Low
1294,openssl,CVE-2016-2181,ubuntu:18.10,1.0.2g-1ubuntu9,Low
1295,openssl,CVE-2014-3569,ubuntu:18.10,1.0.1f-1ubuntu10,Low
1296,openssl,CVE-2016-2178,ubuntu:18.10,1.0.2g-1ubuntu9,Low
1297,openssl,CVE-2015-1788,ubuntu:18.10,1.0.2c-1ubuntu1,Medium
1298,openssl,CVE-2016-0797,ubuntu:18.10,1.0.2g-1ubuntu2,Low
1299,openssl,CVE-2018-0734,ubuntu:18.10,1.1.1-1ubuntu2.1,Low
1300,openssl,CVE-2014-8275,ubuntu:18.10,1.0.1f-1ubuntu10,Low
1301,openssl,CVE-2017-3731,ubuntu:18.10,1.0.2g-1ubuntu11,Medium
1302,openssl,CVE-2016-2109,ubuntu:18.10,1.0.2g-1ubuntu5,Medium
1303,openssl,CVE-2015-0287,ubuntu:18.10,1.0.1f-1ubuntu11,Medium
1304,openssl,CVE-2014-3567,ubuntu:18.10,1.0.1f-1ubuntu9,Medium
1305,openssl,CVE-2017-3736,ubuntu:18.10,1.0.2g-1ubuntu14,Medium
1306,openssl,CVE-2018-0495,ubuntu:18.10,1.1.0g-2ubuntu5,Low
1307,openssl,CVE-2016-2179,ubuntu:18.10,1.0.2g-1ubuntu9,Low
1308,openssl,CVE-2018-0735,ubuntu:18.10,1.1.1-1ubuntu2.1,Low
1309,openssl,CVE-2014-3572,ubuntu:18.10,1.0.1f-1ubuntu10,Low
1310,openssl,CVE-2016-2182,ubuntu:18.10,1.0.2g-1ubuntu9,Low
1311,openssl,CVE-2015-1791,ubuntu:18.10,1.0.2c-1ubuntu1,Medium
1312,openssl,CVE-2016-6306,ubuntu:18.10,1.0.2g-1ubuntu9,Medium
1313,openssl,CVE-2016-6302,ubuntu:18.10,1.0.2g-1ubuntu9,Low
1314,openssl,CVE-2016-2177,ubuntu:18.10,1.0.2g-1ubuntu9,Low
1315,openssl,CVE-2018-0739,ubuntu:18.10,1.1.0g-2ubuntu3,Medium
1316,openssl,CVE-2016-2180,ubuntu:18.10,1.0.2g-1ubuntu9,Low
1317,openssl,CVE-2018-0732,ubuntu:18.10,1.1.0g-2ubuntu5,Low
1318,openssl,CVE-2015-0293,ubuntu:18.10,1.0.1f-1ubuntu11,Medium
1319,openssl,CVE-2015-0289,ubuntu:18.10,1.0.1f-1ubuntu11,Medium
1320,openssl,CVE-2018-0737,ubuntu:18.10,1.1.0g-2ubuntu5,Low
1321,openssl,CVE-2016-2108,ubuntu:18.10,1.0.2g-1ubuntu5,High
1322,openssl,CVE-2015-1790,ubuntu:18.10,1.0.2c-1ubuntu1,Medium
1323,openssl,CVE-2016-2842,ubuntu:18.10,1.0.2g-1ubuntu2,Medium
1324,openssl,CVE-2014-3506,ubuntu:18.10,1.0.1f-1ubuntu7,Medium
1325,openssl,CVE-2015-0209,ubuntu:15.04,1.0.1f-1ubuntu11,Low
1326,openssl,CVE-2015-1794,ubuntu:15.04,1.0.1f-1ubuntu11.5,Low
1327,openssl,CVE-2015-1792,ubuntu:15.04,1.0.1f-1ubuntu11.4,Medium
1328,openssl,CVE-2015-3196,ubuntu:15.04,1.0.1f-1ubuntu11.5,Low
1329,openssl,CVE-2016-2109,ubuntu:15.04,1.0.1f-1ubuntu11.6,Medium
1330,openssl,CVE-2014-3505,ubuntu:15.04,1.0.1f-1ubuntu7,Medium
1331,openssl,CVE-2016-2179,ubuntu:15.04,1.0.1f-1ubuntu11.7,Low
1332,openssl,CVE-2016-2181,ubuntu:15.04,1.0.1f-1ubuntu11.7,Low
1333,openssl,CVE-2016-2108,ubuntu:15.04,1.0.1f-1ubuntu11.6,High
1334,openssl,CVE-2015-0293,ubuntu:15.04,1.0.1f-1ubuntu11,Medium
1335,openssl,CVE-2015-1789,ubuntu:15.04,1.0.1f-1ubuntu11.4,Medium
1336,openssl,CVE-2016-0798,ubuntu:15.04,1.0.1f-1ubuntu11.6,Low
1337,openssl,CVE-2016-2182,ubuntu:15.04,1.0.1f-1ubuntu11.7,Low
1338,openssl,CVE-2016-2180,ubuntu:15.04,1.0.1f-1ubuntu11.7,Low
1339,openssl,CVE-2015-0204,ubuntu:15.04,1.0.1f-1ubuntu10,Low
1340,openssl,CVE-2014-3508,ubuntu:15.04,1.0.1f-1ubuntu7,Medium
1341,openssl,CVE-2014-8176,ubuntu:15.04,1.0.1f-1ubuntu11.4,Medium
1342,openssl,CVE-2014-3510,ubuntu:15.04,1.0.1f-1ubuntu7,Medium
1343,openssl,CVE-2014-3568,ubuntu:15.04,1.0.1f-1ubuntu9,Low
1344,openssl,CVE-2015-3194,ubuntu:15.04,1.0.1f-1ubuntu11.5,Medium
1345,openssl,CVE-2015-0292,ubuntu:15.04,1.0.1f-1ubuntu11,Medium
1346,openssl,CVE-2016-2842,ubuntu:15.04,1.0.1f-1ubuntu11.6,Medium
1347,openssl,CVE-2015-1791,ubuntu:15.04,1.0.1f-1ubuntu11.4,Medium
1348,openssl,CVE-2016-2183,ubuntu:15.04,1.0.1f-1ubuntu11.7,Low
1349,openssl,CVE-2014-8275,ubuntu:15.04,1.0.1f-1ubuntu10,Low
1350,openssl,CVE-2015-1790,ubuntu:15.04,1.0.1f-1ubuntu11.4,Medium
1351,openssl,CVE-2016-6306,ubuntu:15.04,1.0.1f-1ubuntu11.7,Medium
1352,openssl,CVE-2015-3195,ubuntu:15.04,1.0.1f-1ubuntu11.5,Medium
1353,openssl,CVE-2016-2178,ubuntu:15.04,1.0.1f-1ubuntu11.7,Low
1354,openssl,CVE-2014-3569,ubuntu:15.04,1.0.1f-1ubuntu10,Low
1355,openssl,CVE-2015-3193,ubuntu:15.04,1.0.1f-1ubuntu11.5,Medium
1356,openssl,CVE-2016-0797,ubuntu:15.04,1.0.1f-1ubuntu11.6,Low
1357,openssl,CVE-2015-0286,ubuntu:15.04,1.0.1f-1ubuntu11,Medium
1358,openssl,CVE-2014-3566,ubuntu:15.04,1.0.1f-1ubuntu9,Medium
1359,openssl,CVE-2016-2177,ubuntu:15.04,1.0.1f-1ubuntu11.7,Low
1360,openssl,CVE-2016-2105,ubuntu:15.04,1.0.1f-1ubuntu11.6,Low
1361,openssl,CVE-2016-0799,ubuntu:15.04,1.0.1f-1ubuntu11.6,Low
1362,openssl,CVE-2014-3572,ubuntu:15.04,1.0.1f-1ubuntu10,Low
1363,openssl,CVE-2014-3570,ubuntu:15.04,1.0.1f-1ubuntu10,Low
1364,openssl,CVE-2017-3731,ubuntu:15.04,1.0.1f-1ubuntu11.7,Medium
1365,openssl,CVE-2016-8610,ubuntu:15.04,1.0.1f-1ubuntu11.7,Low
1366,openssl,CVE-2015-1788,ubuntu:15.04,1.0.1f-1ubuntu11.4,Medium
1367,openssl,CVE-2016-6304,ubuntu:15.04,1.0.1f-1ubuntu11.7,High
1368,openssl,CVE-2016-2107,ubuntu:15.04,1.0.1f-1ubuntu11.6,High
1369,openssl,CVE-2014-3571,ubuntu:15.04,1.0.1f-1ubuntu10,Medium
1370,openssl,CVE-2015-0287,ubuntu:15.04,1.0.1f-1ubuntu11,Medium
1371,openssl,CVE-2014-3506,ubuntu:15.04,1.0.1f-1ubuntu7,Medium
1372,openssl,CVE-2016-0705,ubuntu:15.04,1.0.1f-1ubuntu11.6,Low
1373,openssl,CVE-2014-3507,ubuntu:15.04,1.0.1f-1ubuntu7,Medium
1374,openssl,CVE-2016-7056,ubuntu:15.04,1.0.1f-1ubuntu11.7,Medium
1375,openssl,CVE-2016-6303,ubuntu:15.04,1.0.1f-1ubuntu11.7,Medium
1376,openssl,CVE-2014-3567,ubuntu:15.04,1.0.1f-1ubuntu9,Medium
1377,openssl,CVE-2016-6302,ubuntu:15.04,1.0.1f-1ubuntu11.7,Low
1378,openssl,CVE-2016-2106,ubuntu:15.04,1.0.1f-1ubuntu11.6,Low
1379,openssl,CVE-2015-4000,ubuntu:15.04,1.0.1f-1ubuntu11.1,Medium
1380,openssl,CVE-2015-0288,ubuntu:15.04,1.0.1f-1ubuntu11,Low
1381,openssl,CVE-2015-0289,ubuntu:15.04,1.0.1f-1ubuntu11,Medium
1382,openssl,CVE-2016-0702,ubuntu:15.04,1.0.1f-1ubuntu11.6,Low
1383,openssl,CVE-2014-3567,ubuntu:14.10,1.0.1f-1ubuntu9,Medium
1384,openssl,CVE-2015-0287,ubuntu:14.10,1.0.1f-1ubuntu9.4,Medium
1385,openssl,CVE-2014-8275,ubuntu:14.10,1.0.1f-1ubuntu9.1,Low
1386,openssl,CVE-2015-4000,ubuntu:14.10,1.0.1f-1ubuntu9.5,Medium
1387,openssl,CVE-2014-3569,ubuntu:14.10,1.0.1f-1ubuntu9.1,Low
1388,openssl,CVE-2015-1788,ubuntu:14.10,1.0.1f-1ubuntu9.8,Medium
1389,openssl,CVE-2014-3505,ubuntu:14.10,1.0.1f-1ubuntu7,Medium
1390,openssl,CVE-2014-3510,ubuntu:14.10,1.0.1f-1ubuntu7,Medium
1391,openssl,CVE-2014-3507,ubuntu:14.10,1.0.1f-1ubuntu7,Medium
1392,openssl,CVE-2015-0292,ubuntu:14.10,1.0.1f-1ubuntu9.4,Medium
1393,openssl,CVE-2015-0209,ubuntu:14.10,1.0.1f-1ubuntu9.4,Low
1394,openssl,CVE-2015-1792,ubuntu:14.10,1.0.1f-1ubuntu9.8,Medium
1395,openssl,CVE-2015-1789,ubuntu:14.10,1.0.1f-1ubuntu9.8,Medium
1396,openssl,CVE-2014-3568,ubuntu:14.10,1.0.1f-1ubuntu9,Low
1397,openssl,CVE-2014-3571,ubuntu:14.10,1.0.1f-1ubuntu9.1,Medium
1398,openssl,CVE-2015-0288,ubuntu:14.10,1.0.1f-1ubuntu9.4,Low
1399,openssl,CVE-2014-3570,ubuntu:14.10,1.0.1f-1ubuntu9.1,Low
1400,openssl,CVE-2014-3566,ubuntu:14.10,1.0.1f-1ubuntu9,Medium
1401,openssl,CVE-2015-0204,ubuntu:14.10,1.0.1f-1ubuntu9.1,Low
1402,openssl,CVE-2015-0286,ubuntu:14.10,1.0.1f-1ubuntu9.4,Medium
1403,openssl,CVE-2014-3508,ubuntu:14.10,1.0.1f-1ubuntu7,Medium
1404,openssl,CVE-2015-0206,ubuntu:14.10,1.0.1f-1ubuntu9.1,Medium
1405,openssl,CVE-2014-3506,ubuntu:14.10,1.0.1f-1ubuntu7,Medium
1406,openssl,CVE-2015-0205,ubuntu:14.10,1.0.1f-1ubuntu9.1,Low
1407,openssl,CVE-2015-0289,ubuntu:14.10,1.0.1f-1ubuntu9.4,Medium
1408,openssl,CVE-2015-0293,ubuntu:14.10,1.0.1f-1ubuntu9.4,Medium
1409,openssl,CVE-2015-1790,ubuntu:14.10,1.0.1f-1ubuntu9.8,Medium
1410,openssl,CVE-2014-3572,ubuntu:14.10,1.0.1f-1ubuntu9.1,Low
1411,openssl,CVE-2014-8176,ubuntu:14.10,1.0.1f-1ubuntu9.8,Medium
1412,openssl,CVE-2015-1791,ubuntu:14.10,1.0.1f-1ubuntu9.8,Medium
1413,openssl,CVE-2015-0209,ubuntu:18.04,1.0.1f-1ubuntu11,Low
1414,openssl,CVE-2017-3735,ubuntu:18.04,1.0.2g-1ubuntu14,Low
1415,openssl,CVE-2015-1792,ubuntu:18.04,1.0.2c-1ubuntu1,Medium
1416,openssl,CVE-2014-3505,ubuntu:18.04,1.0.1f-1ubuntu7,Medium
1417,openssl,CVE-2016-2109,ubuntu:18.04,1.0.2g-1ubuntu5,Medium
1418,openssl,CVE-2016-2179,ubuntu:18.04,1.0.2g-1ubuntu9,Low
1419,openssl,CVE-2016-2181,ubuntu:18.04,1.0.2g-1ubuntu9,Low
1420,openssl,CVE-2019-1543,ubuntu:18.04,#MAXV#,Low
1421,openssl,CVE-2018-5407,ubuntu:18.04,1.1.0g-2ubuntu4.3,Low
1422,openssl,CVE-2015-0293,ubuntu:18.04,1.0.1f-1ubuntu11,Medium
1423,openssl,CVE-2016-2108,ubuntu:18.04,1.0.2g-1ubuntu5,High
1424,openssl,CVE-2018-0735,ubuntu:18.04,1.1.0g-2ubuntu4.3,Low
1425,openssl,CVE-2015-1789,ubuntu:18.04,1.0.2c-1ubuntu1,Medium
1426,openssl,CVE-2015-0204,ubuntu:18.04,1.0.1f-1ubuntu10,Low
1427,openssl,CVE-2016-2180,ubuntu:18.04,1.0.2g-1ubuntu9,Low
1428,openssl,CVE-2016-2182,ubuntu:18.04,1.0.2g-1ubuntu9,Low
1429,openssl,CVE-2014-3508,ubuntu:18.04,1.0.1f-1ubuntu7,Medium
1430,openssl,CVE-2014-3568,ubuntu:18.04,1.0.1f-1ubuntu9,Low
1431,openssl,CVE-2014-3510,ubuntu:18.04,1.0.1f-1ubuntu7,Medium
1432,openssl,CVE-2015-0292,ubuntu:18.04,1.0.1f-1ubuntu11,Medium
1433,openssl,CVE-2015-1791,ubuntu:18.04,1.0.2c-1ubuntu1,Medium
1434,openssl,CVE-2016-2842,ubuntu:18.04,1.0.2g-1ubuntu2,Medium
1435,openssl,CVE-2016-2183,ubuntu:18.04,1.0.2g-1ubuntu9,Low
1436,openssl,CVE-2014-8275,ubuntu:18.04,1.0.1f-1ubuntu10,Low
1437,openssl,CVE-2015-1790,ubuntu:18.04,1.0.2c-1ubuntu1,Medium
1438,openssl,CVE-2018-0737,ubuntu:18.04,1.1.0g-2ubuntu4.1,Low
1439,openssl,CVE-2016-6306,ubuntu:18.04,1.0.2g-1ubuntu9,Medium
1440,openssl,CVE-2014-3569,ubuntu:18.04,1.0.1f-1ubuntu10,Low
1441,openssl,CVE-2016-2178,ubuntu:18.04,1.0.2g-1ubuntu9,Low
1442,openssl,CVE-2015-3195,ubuntu:18.04,1.0.2e-1ubuntu1,Medium
1443,openssl,CVE-2015-0286,ubuntu:18.04,1.0.1f-1ubuntu11,Medium
1444,openssl,CVE-2016-0797,ubuntu:18.04,1.0.2g-1ubuntu2,Low
1445,openssl,CVE-2018-0732,ubuntu:18.04,1.1.0g-2ubuntu4.1,Low
1446,openssl,CVE-2016-2177,ubuntu:18.04,1.0.2g-1ubuntu9,Low
1447,openssl,CVE-2014-3566,ubuntu:18.04,1.0.1f-1ubuntu9,Medium
1448,openssl,CVE-2014-3572,ubuntu:18.04,1.0.1f-1ubuntu10,Low
1449,openssl,CVE-2016-0799,ubuntu:18.04,1.0.2g-1ubuntu2,Low
1450,openssl,CVE-2016-2105,ubuntu:18.04,1.0.2g-1ubuntu5,Low
1451,openssl,CVE-2017-3736,ubuntu:18.04,1.0.2g-1ubuntu14,Medium
1452,openssl,CVE-2014-3570,ubuntu:18.04,1.0.1f-1ubuntu10,Low
1453,openssl,CVE-2017-3738,ubuntu:18.04,1.1.0g-2ubuntu3,Low
1454,openssl,CVE-2016-8610,ubuntu:18.04,1.0.2g-1ubuntu11,Low
1455,openssl,CVE-2017-3731,ubuntu:18.04,1.0.2g-1ubuntu11,Medium
1456,openssl,CVE-2016-6304,ubuntu:18.04,1.0.2g-1ubuntu9,High
1457,openssl,CVE-2015-1788,ubuntu:18.04,1.0.2c-1ubuntu1,Medium
1458,openssl,CVE-2014-3506,ubuntu:18.04,1.0.1f-1ubuntu7,Medium
1459,openssl,CVE-2015-0287,ubuntu:18.04,1.0.1f-1ubuntu11,Medium
1460,openssl,CVE-2014-3571,ubuntu:18.04,1.0.1f-1ubuntu10,Medium
1461,openssl,CVE-2016-2107,ubuntu:18.04,1.0.2g-1ubuntu5,High
1462,openssl,CVE-2018-0734,ubuntu:18.04,1.1.0g-2ubuntu4.3,Low
1463,openssl,CVE-2014-3507,ubuntu:18.04,1.0.1f-1ubuntu7,Medium
1464,openssl,CVE-2016-6303,ubuntu:18.04,1.0.2g-1ubuntu9,Medium
1465,openssl,CVE-2018-0495,ubuntu:18.04,1.1.0g-2ubuntu4.1,Low
1466,openssl,CVE-2018-0739,ubuntu:18.04,1.1.0g-2ubuntu3,Medium
1467,openssl,CVE-2014-3567,ubuntu:18.04,1.0.1f-1ubuntu9,Medium
1468,openssl,CVE-2016-6302,ubuntu:18.04,1.0.2g-1ubuntu9,Low
1469,openssl,CVE-2015-0288,ubuntu:18.04,1.0.1f-1ubuntu11,Low
1470,openssl,CVE-2016-2106,ubuntu:18.04,1.0.2g-1ubuntu5,Low
1471,openssl,CVE-2015-0289,ubuntu:18.04,1.0.1f-1ubuntu11,Medium
1472,openssl,CVE-2016-0702,ubuntu:18.04,1.0.2g-1ubuntu2,Low
1473,openssl,CVE-2019-1549,ubuntu:18.04,#MAXV#,Medium
1474,openssl,CVE-2019-1563,ubuntu:18.04,#MAXV#,Medium
1475,openssl,CVE-2019-1547,ubuntu:18.04,#MAXV#,Medium
1476,openssl,CVE-2019-1547,ubuntu:18.04,#MAXV#,Low
1477,openssl,CVE-2019-1549,ubuntu:18.04,#MAXV#,Low
1478,openssl,CVE-2019-1563,ubuntu:18.04,#MAXV#,Low
1479,openssl,CVE-2013-0169,ubuntu:12.10,1.0.1c-3ubuntu2.3,Medium
1480,openssl,CVE-2014-0198,ubuntu:12.10,1.0.1c-3ubuntu2.8,Medium
1481,openssl,CVE-2012-2686,ubuntu:12.10,1.0.1c-3ubuntu2.3,Medium
1482,openssl,CVE-2013-0166,ubuntu:12.10,1.0.1c-3ubuntu2.1,Medium
1483,openssl,CVE-2013-4353,ubuntu:12.10,1.0.1c-3ubuntu2.6,Medium
1484,openssl,CVE-2010-5298,ubuntu:12.10,1.0.1c-3ubuntu2.8,Low
1485,openssl,CVE-2014-0160,ubuntu:12.10,1.0.1c-3ubuntu2.7,High
1486,openssl,CVE-2014-0076,ubuntu:12.10,1.0.1c-3ubuntu2.7,Medium
1487,openssl,CVE-2012-4929,ubuntu:12.10,1.0.1c-3ubuntu2.5,Medium
1488,openssl,CVE-2013-6449,ubuntu:12.10,1.0.1c-3ubuntu2.6,Medium
1489,openssl,CVE-2013-6450,ubuntu:12.10,1.0.1c-3ubuntu2.6,Medium
1490,openssl,CVE-2012-2333,ubuntu:12.10,1.0.1-4ubuntu6,Medium
1491,openssl,CVE-2016-0702,ubuntu:16.04,1.0.2g-1ubuntu2,Low
1492,openssl,CVE-2019-1559,ubuntu:16.04,1.0.2g-1ubuntu4.15,Medium
1493,openssl,CVE-2015-0288,ubuntu:16.04,1.0.1f-1ubuntu11,Low
1494,openssl,CVE-2016-2106,ubuntu:16.04,1.0.2g-1ubuntu4.1,Low
1495,openssl,CVE-2015-0289,ubuntu:16.04,1.0.1f-1ubuntu11,Medium
1496,openssl,CVE-2016-2183,ubuntu:16.04,1.0.2g-1ubuntu4.4,Low
1497,openssl,CVE-2014-8275,ubuntu:16.04,1.0.1f-1ubuntu10,Low
1498,openssl,CVE-2015-0292,ubuntu:16.04,1.0.1f-1ubuntu11,Medium
1499,openssl,CVE-2015-1791,ubuntu:16.04,1.0.2c-1ubuntu1,Medium
1500,openssl,CVE-2016-2842,ubuntu:16.04,1.0.2g-1ubuntu2,Medium
1501,openssl,CVE-2016-7055,ubuntu:16.04,1.0.2g-1ubuntu4.6,Low
1502,openssl,CVE-2014-3508,ubuntu:16.04,1.0.1f-1ubuntu7,Medium
1503,openssl,CVE-2014-3510,ubuntu:16.04,1.0.1f-1ubuntu7,Medium
1504,openssl,CVE-2014-3568,ubuntu:16.04,1.0.1f-1ubuntu9,Low
1505,openssl,CVE-2016-0798,ubuntu:16.04,1.0.2g-1ubuntu2,Low
1506,openssl,CVE-2015-1789,ubuntu:16.04,1.0.2c-1ubuntu1,Medium
1507,openssl,CVE-2016-2180,ubuntu:16.04,1.0.2g-1ubuntu4.4,Low
1508,openssl,CVE-2015-0204,ubuntu:16.04,1.0.1f-1ubuntu10,Low
1509,openssl,CVE-2016-2182,ubuntu:16.04,1.0.2g-1ubuntu4.4,Low
1510,openssl,CVE-2015-1788,ubuntu:16.04,1.0.2c-1ubuntu1,Medium
1511,openssl,CVE-2016-6304,ubuntu:16.04,1.0.2g-1ubuntu4.4,High
1512,openssl,CVE-2017-3738,ubuntu:16.04,1.0.2g-1ubuntu4.10,Low
1513,openssl,CVE-2017-3731,ubuntu:16.04,1.0.2g-1ubuntu4.6,Medium
1514,openssl,CVE-2016-8610,ubuntu:16.04,1.0.2g-1ubuntu4.6,Low
1515,openssl,CVE-2014-3572,ubuntu:16.04,1.0.1f-1ubuntu10,Low
1516,openssl,CVE-2016-2105,ubuntu:16.04,1.0.2g-1ubuntu4.1,Low
1517,openssl,CVE-2016-0799,ubuntu:16.04,1.0.2g-1ubuntu2,Low
1518,openssl,CVE-2014-3570,ubuntu:16.04,1.0.1f-1ubuntu10,Low
1519,openssl,CVE-2017-3736,ubuntu:16.04,1.0.2g-1ubuntu4.9,Medium
1520,openssl,CVE-2017-3737,ubuntu:16.04,1.0.2g-1ubuntu4.10,Medium
1521,openssl,CVE-2016-2177,ubuntu:16.04,1.0.2g-1ubuntu4.4,Low
1522,openssl,CVE-2014-3566,ubuntu:16.04,1.0.1f-1ubuntu9,Medium
1523,openssl,CVE-2018-0732,ubuntu:16.04,1.0.2g-1ubuntu4.13,Low
1524,openssl,CVE-2016-0797,ubuntu:16.04,1.0.2g-1ubuntu2,Low
1525,openssl,CVE-2015-0286,ubuntu:16.04,1.0.1f-1ubuntu11,Medium
1526,openssl,CVE-2015-3195,ubuntu:16.04,1.0.2e-1ubuntu1,Medium
1527,openssl,CVE-2016-2178,ubuntu:16.04,1.0.2g-1ubuntu4.4,Low
1528,openssl,CVE-2014-3569,ubuntu:16.04,1.0.1f-1ubuntu10,Low
1529,openssl,CVE-2015-1790,ubuntu:16.04,1.0.2c-1ubuntu1,Medium
1530,openssl,CVE-2018-0737,ubuntu:16.04,1.0.2g-1ubuntu4.13,Low
1531,openssl,CVE-2016-6306,ubuntu:16.04,1.0.2g-1ubuntu4.4,Medium
1532,openssl,CVE-2016-6302,ubuntu:16.04,1.0.2g-1ubuntu4.4,Low
1533,openssl,CVE-2014-3567,ubuntu:16.04,1.0.1f-1ubuntu9,Medium
1534,openssl,CVE-2018-0495,ubuntu:16.04,1.0.2g-1ubuntu4.13,Low
1535,openssl,CVE-2018-0739,ubuntu:16.04,1.0.2g-1ubuntu4.11,Medium
1536,openssl,CVE-2016-6303,ubuntu:16.04,1.0.2g-1ubuntu4.4,Medium
1537,openssl,CVE-2014-3507,ubuntu:16.04,1.0.1f-1ubuntu7,Medium
1538,openssl,CVE-2016-0705,ubuntu:16.04,1.0.2g-1ubuntu2,Low
1539,openssl,CVE-2017-3732,ubuntu:16.04,1.0.2g-1ubuntu4.6,Medium
1540,openssl,CVE-2018-0734,ubuntu:16.04,1.0.2g-1ubuntu4.14,Low
1541,openssl,CVE-2015-0287,ubuntu:16.04,1.0.1f-1ubuntu11,Medium
1542,openssl,CVE-2014-3506,ubuntu:16.04,1.0.1f-1ubuntu7,Medium
1543,openssl,CVE-2016-2107,ubuntu:16.04,1.0.2g-1ubuntu4.1,High
1544,openssl,CVE-2014-3571,ubuntu:16.04,1.0.1f-1ubuntu10,Medium
1545,openssl,CVE-2016-2181,ubuntu:16.04,1.0.2g-1ubuntu4.4,Low
1546,openssl,CVE-2018-5407,ubuntu:16.04,1.0.2g-1ubuntu4.14,Low
1547,openssl,CVE-2016-2108,ubuntu:16.04,1.0.2g-1ubuntu4.1,High
1548,openssl,CVE-2015-0293,ubuntu:16.04,1.0.1f-1ubuntu11,Medium
1549,openssl,CVE-2016-2109,ubuntu:16.04,1.0.2g-1ubuntu4.1,Medium
1550,openssl,CVE-2014-3505,ubuntu:16.04,1.0.1f-1ubuntu7,Medium
1551,openssl,CVE-2016-2179,ubuntu:16.04,1.0.2g-1ubuntu4.4,Low
1552,openssl,CVE-2017-3735,ubuntu:16.04,1.0.2g-1ubuntu4.9,Low
1553,openssl,CVE-2015-1792,ubuntu:16.04,1.0.2c-1ubuntu1,Medium
1554,openssl,CVE-2015-0209,ubuntu:16.04,1.0.1f-1ubuntu11,Low
1555,openssl,CVE-2019-1547,ubuntu:16.04,#MAXV#,Medium
1556,openssl,CVE-2019-1563,ubuntu:16.04,#MAXV#,Medium
1557,openssl,CVE-2019-1563,ubuntu:16.04,#MAXV#,Low
1558,openssl,CVE-2019-1547,ubuntu:16.04,#MAXV#,Low
1559,openssl,CVE-2013-4353,ubuntu:13.04,1.0.1c-4ubuntu8.2,Medium
1560,openssl,CVE-2013-6449,ubuntu:13.04,1.0.1c-4ubuntu8.2,Medium
1561,openssl,CVE-2013-0166,ubuntu:13.04,1.0.1c-4ubuntu4,Medium
1562,openssl,CVE-2012-4929,ubuntu:13.04,1.0.1c-4ubuntu8.1,Medium
1563,openssl,CVE-2013-0169,ubuntu:13.04,1.0.1c-4ubuntu8,Medium
1564,openssl,CVE-2013-6450,ubuntu:13.04,1.0.1c-4ubuntu8.2,Medium
1565,openssl,CVE-2012-2333,ubuntu:13.04,1.0.1-4ubuntu6,Medium
1566,openssl,ELSA-2017-0286,oracle:6,0:1.0.1e-48.el6_8.4,Medium
1567,openssl,ELSA-2011-1409,oracle:6,0:1.0.0-10.el6_1.5,Medium
1568,openssl,ELSA-2018-4248,oracle:6,0:1.0.1e-57.0.6.el6,High
1569,openssl,ELSA-2012-0518,oracle:6,0:1.0.0-20.el6_2.4,High
1570,openssl,ELSA-2016-1940,oracle:6,0:1.0.1e-48.el6_8.3,High
1571,openssl,ELSA-2014-1652,oracle:6,0:1.0.1e-30.el6_6.2,High
1572,openssl,ELSA-2012-0059,oracle:6,0:1.0.0-20.el6_2.1,Medium
1573,openssl,ELSA-2014-0376,oracle:6,0:1.0.1e-16.el6_5.7,High
1574,openssl,ELSA-2014-0625,oracle:6,0:1.0.1e-16.el6_5.14,High
1575,openssl,ELSA-2018-4228,oracle:6,0:1.0.1e-57.0.5.el6,High
1576,openssl,ELSA-2014-0015,oracle:6,0:1.0.1e-16.el6_5.4,High
1577,openssl,ELSA-2013-0587,oracle:6,0:1.0.0-27.el6_4.2,Medium
1578,openssl,ELSA-2015-0066,oracle:6,0:1.0.1e-30.el6_6.5,Medium
1579,openssl,ELSA-2012-0699,oracle:6,0:1.0.0-20.el6_2.5,Medium
1580,openssl,ELSA-2012-0426,oracle:6,0:1.0.0-20.el6_2.3,Medium
1581,openssl,ELSA-2015-1115,oracle:6,0:1.0.1e-30.el6_6.11,Medium
1582,openssl,ELSA-2016-0008,oracle:6,0:1.0.1e-42.el6_7.2,Medium
1583,openssl,ELSA-2015-1072,oracle:6,0:1.0.1e-30.el6_6.9,Medium
1584,openssl,ELSA-2015-2617,oracle:6,0:1.0.1e-42.el6_7.1,Medium
1585,openssl,ELSA-2010-0979,oracle:6,0:1.0.0-4.el6_0.2,Medium
1586,openssl,ELSA-2014-1052,oracle:6,0:1.0.1e-16.el6_5.15,Medium
1587,openssl,ELSA-2016-0301,oracle:6,0:1.0.1e-42.el6_7.4,High
1588,openssl,ELSA-2011-0677,oracle:6,0:1.0.0-10.el6,Medium
1589,openssl,ELSA-2016-0996,oracle:6,0:1.0.1e-48.el6_8.1,High
1590,openssl,ELSA-2015-0715,oracle:6,0:1.0.1e-30.el6_6.7,Medium
1591,openssl,ELSA-2019-2471,oracle:6,0:1.0.1e-58.0.1.el6_10,Medium
1592,openssl,ELSA-2015-2616,oracle:5,0:0.9.8e-37.0.1.el5_11,Medium
1593,openssl,ELSA-2010-0978,oracle:5,0:0.9.8e-12.el5_5.7,Medium
1594,openssl,ELSA-2014-0624,oracle:5,0:0.9.8e-27.el5_10.3,High
1595,openssl,ELSA-2016-0302,oracle:5,0:0.9.8e-39.0.1.el5_11,High
1596,openssl,ELSA-2016-1137,oracle:5,0:0.9.8e-40.0.1.el5_11,High
1597,openssl,ELSA-2012-0518,oracle:5,0:0.9.8e-22.el5_8.3,High
1598,openssl,ELSA-2012-0426,oracle:5,0:0.9.8e-22.el5_8.1,Medium
1599,openssl,ELSA-2016-3627,oracle:5,0:0.9.8e-40.0.3.el5_11,High
1600,openssl,ELSA-2007-0964,oracle:5,0:0.9.8b-8.3.el5_0.2,High
1601,openssl,ELSA-2015-1197,oracle:5,0:0.9.8e-36.0.1.el5_11,Medium
1602,openssl,ELSA-2014-1653,oracle:5,0:0.9.8e-31.el5_11,Medium
1603,openssl,ELSA-2015-3010,oracle:5,0:0.9.8e-32.0.1.el5_11,High
1604,openssl,ELSA-2009-1335,oracle:5,0:0.9.8e-12.el5,Medium
1605,openssl,ELSA-2016-3576,oracle:5,0:0.9.8e-40.0.2.el5_11,High
1606,openssl,ELSA-2010-0054,oracle:5,0:0.9.8e-12.el5_4.1,Medium
1607,openssl,ELSA-2015-0800,oracle:5,0:0.9.8e-33.0.1.el5_11,Medium
1608,openssl,ELSA-2010-0162,oracle:5,0:0.9.8e-12.el5_4.6,High
1609,openssl,ELSA-2012-0060,oracle:5,0:0.9.8e-20.el5_7.1,Medium
1610,openssl,ELSA-2013-0587,oracle:5,0:0.9.8e-26.el5_9.1,Medium
1611,openssl,ELSA-2014-1053,oracle:5,0:0.9.8e-27.el5_10.4,Medium
1612,openssl,ELSA-2009-0004,oracle:5,0:0.9.8b-10.el5_2.1,High
1613,openssl,ELSA-2012-0699,oracle:5,0:0.9.8e-22.el5_8.4,Medium
1614,openssl,ELSA-2015-2617,oracle:7,1:1.0.1e-51.el7_2.1,Medium
1615,openssl,ELSA-2017-0286,oracle:7,1:1.0.1e-60.el7_3.1,Medium
1616,openssl,ELSA-2016-0008,oracle:7,1:1.0.1e-51.el7_2.2,Medium
1617,openssl,ELSA-2015-0066,oracle:7,1:1.0.1e-34.el7_0.7,Medium
1618,openssl,ELSA-2018-3221,oracle:7,1:1.0.2k-16.0.1.el7,Medium
1619,openssl,ELSA-2015-0716,oracle:7,1:1.0.1e-42.el7_1.4,Medium
1620,openssl,ELSA-2018-0998,oracle:7,1:1.0.2k-12.0.1.el7,Medium
1621,openssl,ELSA-2018-4249,oracle:7,1:1.0.2k-12.0.3.el7,High
1622,openssl,ELSA-2015-1115,oracle:7,1:1.0.1e-42.el7_1.8,Medium
1623,openssl,ELSA-2014-0679,oracle:7,1:1.0.1e-34.el7_0.3,High
1624,openssl,ELSA-2019-2304,oracle:7,1:1.0.2k-19.0.1.el7,Medium
1625,openssl,ELSA-2019-0483,oracle:7,1:1.0.2k-16.0.1.el7_6.1,Medium
1626,openssl,ELSA-2014-1052,oracle:7,1:1.0.1e-34.el7_0.4,Medium
1627,openssl,ELSA-2015-1072,oracle:7,1:1.0.1e-42.el7_1.6,Medium
1628,openssl,ELSA-2014-1652,oracle:7,1:1.0.1e-34.el7_0.6,High
1629,openssl,ELSA-2016-0722,oracle:7,1:1.0.1e-51.el7_2.5,High
1630,openssl,ELSA-2016-0301,oracle:7,1:1.0.1e-51.el7_2.4,High
1631,openssl,ELSA-2016-1940,oracle:7,1:1.0.1e-51.el7_2.7,High
1632,openssl,RHSA-2016:0301,centos:7,1:1.0.1e-51.el7_2.4,High
1633,openssl,RHSA-2019:2304,centos:7,1:1.0.2k-19.el7,Medium
1634,openssl,RHSA-2014:1652,centos:7,1:1.0.1e-34.el7_0.6,High
1635,openssl,RHSA-2014:0679,centos:7,1:1.0.1e-34.el7_0.3,High
1636,openssl,RHSA-2015:0716,centos:7,1:1.0.1e-42.el7_1.4,Medium
1637,openssl,RHSA-2017:0286,centos:7,1:1.0.1e-60.el7_3.1,Medium
1638,openssl,RHSA-2016:0722,centos:7,1:1.0.1e-51.el7_2.5,High
1639,openssl,RHSA-2015:1115,centos:7,1:1.0.1e-42.el7_1.8,Medium
1640,openssl,RHSA-2015:1072,centos:7,1:1.0.1e-42.el7_1.6,Medium
1641,openssl,RHSA-2018:0998,centos:7,1:1.0.2k-12.el7,Medium
1642,openssl,RHSA-2016:1940,centos:7,1:1.0.1e-51.el7_2.7,High
1643,openssl,RHSA-2015:0066,centos:7,1:1.0.1e-34.el7_0.7,Medium
1644,openssl,RHSA-2016:0008,centos:7,1:1.0.1e-51.el7_2.2,Medium
1645,openssl,RHSA-2018:3221,centos:7,1:1.0.2k-16.el7,Medium
1646,openssl,RHSA-2014:1052,centos:7,1:1.0.1e-34.el7_0.4,Medium
1647,openssl,RHSA-2015:2617,centos:7,1:1.0.1e-51.el7_2.1,Medium
1648,openssl,RHSA-2019:0483,centos:7,1:1.0.2k-16.el7_6.1,Medium
1649,openssl,RHSA-2015:1197,centos:5,0:0.9.8e-36.el5_11,Medium
1650,openssl,RHSA-2010:0054,centos:5,0:0.9.8e-12.el5_4.1,Medium
1651,openssl,RHSA-2014:0624,centos:5,0:0.9.8e-27.el5_10.3,High
1652,openssl,RHSA-2014:1653,centos:5,0:0.9.8e-31.el5_11,Medium
1653,openssl,RHSA-2016:0302,centos:5,0:0.9.8e-39.el5_11,High
1654,openssl,RHSA-2012:0426,centos:5,0:0.9.8e-22.el5_8.1,Medium
1655,openssl,RHSA-2013:0587,centos:5,0:0.9.8e-26.el5_9.1,Medium
1656,openssl,RHSA-2010:0162,centos:5,0:0.9.8e-12.el5_4.6,High
1657,openssl,RHSA-2009:1335,centos:5,0:0.9.8e-12.el5,Medium
1658,openssl,RHSA-2009:0004,centos:5,0:0.9.8b-10.el5_2.1,High
1659,openssl,RHSA-2016:1137,centos:5,0:0.9.8e-40.el5_11,High
1660,openssl,RHSA-2012:0518,centos:5,0:0.9.8e-22.el5_8.3,High
1661,openssl,RHSA-2010:0978,centos:5,0:0.9.8e-12.el5_5.7,Medium
1662,openssl,RHSA-2012:0699,centos:5,0:0.9.8e-22.el5_8.4,Medium
1663,openssl,RHSA-2007:0964,centos:5,0:0.9.8b-8.3.el5_0.2,High
1664,openssl,RHSA-2014:1053,centos:5,0:0.9.8e-27.el5_10.4,Medium
1665,openssl,RHSA-2015:0800,centos:5,0:0.9.8e-33.el5_11,Medium
1666,openssl,RHSA-2015:2616,centos:5,0:0.9.8e-37.el5_11,Medium
1667,openssl,RHSA-2012:0060,centos:5,0:0.9.8e-20.el5_7.1,Medium
1668,openssl,RHSA-2010:0979,centos:6,0:1.0.0-4.el6_0.2,Medium
1669,openssl,RHSA-2016:0008,centos:6,0:1.0.1e-42.el6_7.2,Medium
1670,openssl,RHSA-2016:0301,centos:6,0:1.0.1e-42.el6_7.4,High
1671,openssl,RHSA-2015:1072,centos:6,0:1.0.1e-30.el6_6.9,Medium
1672,openssl,RHSA-2012:0059,centos:6,0:1.0.0-20.el6_2.1,Medium
1673,openssl,RHSA-2012:0699,centos:6,0:1.0.0-20.el6_2.5,Medium
1674,openssl,RHSA-2015:0066,centos:6,0:1.0.1e-30.el6_6.5,Medium
1675,openssl,RHSA-2014:1052,centos:6,0:1.0.1e-16.el6_5.15,Medium
1676,openssl,RHSA-2014:1652,centos:6,0:1.0.1e-30.el6_6.2,High
1677,openssl,RHSA-2012:0518,centos:6,0:1.0.0-20.el6_2.4,High
1678,openssl,RHSA-2014:0376,centos:6,0:1.0.1e-16.el6_5.7,High
1679,openssl,RHSA-2017:0286,centos:6,0:1.0.1e-48.el6_8.4,Medium
1680,openssl,RHSA-2015:1115,centos:6,0:1.0.1e-30.el6_6.11,Medium
1681,openssl,RHSA-2011:1409,centos:6,0:1.0.0-10.el6_1.5,Medium
1682,openssl,RHSA-2014:0625,centos:6,0:1.0.1e-16.el6_5.14,High
1683,openssl,RHSA-2019:2471,centos:6,0:1.0.1e-58.el6_10,Medium
1684,openssl,RHSA-2015:0715,centos:6,0:1.0.1e-30.el6_6.7,Medium
1685,openssl,RHSA-2013:0587,centos:6,0:1.0.0-27.el6_4.2,Medium
1686,openssl,RHSA-2016:0996,centos:6,0:1.0.1e-48.el6_8.1,High
1687,openssl,RHSA-2012:0426,centos:6,0:1.0.0-20.el6_2.3,Medium
1688,openssl,RHSA-2010:0888,centos:6,0:1.0.0-4.el6_0.1,High
1689,openssl,RHSA-2014:0015,centos:6,0:1.0.1e-16.el6_5.4,High
1690,openssl,RHSA-2015:2617,centos:6,0:1.0.1e-42.el6_7.1,Medium
1691,openssl,RHSA-2016:1940,centos:6,0:1.0.1e-48.el6_8.3,High
1692,openssl,RHSA-2011:0677,centos:6,0:1.0.0-10.el6,Medium
